Nº,CLIENTE,MARCA,CLASE,CERTIFICADO,VENCIMIENTO,ESTADO,OBSERVACIONES
1,HIPPERMERCADOS TOTTUS S.A.,360°,25,91130,22/08/2023,,plazo para renovar es hasta el 22/02/2014
2,HIPPERMERCADOS TOTTUS S.A.,DULCE VIÑEDO,33,108810,14/09/2015,,
3,HIPPERMERCADOS TOTTUS S.A.,360º ADVENTURE,25,114959,31/03/2016,,
4,HIPPERMERCADOS TOTTUS S.A.,360º ADVENTURE,11,107755,05/08/2015,,
5,HIPPERMERCADOS TOTTUS S.A.,360º ADVENTURE,18,107854,09/08/2015,,
6,HIPPERMERCADOS TOTTUS S.A.,360º ADVENTURE,22,107756,05/08/2015,,
7,HIPPERMERCADOS TOTTUS S.A.,BABY CAT,25,107852,09/08/2015,,
8,HIPPERMERCADOS TOTTUS S.A.,BABY CAT,28,107853,09/08/2015,,
9,HIPPERMERCADOS TOTTUS S.A.,,3,108523,01/09/2015,,
10,HIPPERMERCADOS TOTTUS S.A.,,16,108525,01/09/2015,,
11,HIPPERMERCADOS TOTTUS S.A.,,21,108526,01/09/2015,,
12,HIPPERMERCADOS TOTTUS S.A.,,29,108524,01/09/2015,,
13,HIPPERMERCADOS TOTTUS S.A.,,30,108527,01/09/2015,,
14,HIPPERMERCADOS TOTTUS S.A.,360º BIKES,12,121465,10/10/2016,,
15,HIPPERMERCADOS TOTTUS S.A.,360º REFLEX,25,114958,31/03/2016,,
16,HIPPERMERCADOS TOTTUS S.A.,,21,123091,22/11/2016,,
17,HIPPERMERCADOS TOTTUS S.A.,,22,123090,22/11/2016,,
18,HIPPERMERCADOS TOTTUS S.A.,,11,123094,22/11/2016,,
19,HIPPERMERCADOS TOTTUS S.A.,,19,123092,22/11/2016,,
20,HIPPERMERCADOS TOTTUS S.A.,,17,123093,22/11/2016,,
21,HIPPERMERCADOS TOTTUS S.A.,,8,123095,22/11/2016,,
22,HIPPERMERCADOS TOTTUS S.A.,,5,123097,22/11/2016,,
23,HIPPERMERCADOS TOTTUS S.A.,,6,123096,22/11/2016,,
24,HIPPERMERCADOS TOTTUS S.A.,,34,123089,22/11/2016,,
25,HIPPERMERCADOS TOTTUS S.A.,,4,123088,22/11/2016,,
26,HIPPERMERCADOS TOTTUS S.A.,,2,123087,22/11/2016,,
27,HIPPERMERCADOS TOTTUS S.A.,,3,128568,27/06/2017,,
28,HIPPERMERCADOS TOTTUS S.A.,,29,116730,28/06/2016,,
29,HIPPERMERCADOS TOTTUS S.A.,,30,116580,26/06/2016,,
30,HIPPERMERCADOS TOTTUS S.A.,,2,126966,07/05/2017,,
31,HIPPERMERCADOS TOTTUS S.A.,,3,127195,14/05/2017,,
32,HIPPERMERCADOS TOTTUS S.A.,,8,126970,07/05/2017,,
33,HIPPERMERCADOS TOTTUS S.A.,,6,126969,07/05/2017,,
34,HIPPERMERCADOS TOTTUS S.A.,,5,126968,07/05/2017,,
35,HIPPERMERCADOS TOTTUS S.A.,,4,126967,07/05/2017,,
36,HIPPERMERCADOS TOTTUS S.A.,,14,126972,07/05/2017,,
37,HIPPERMERCADOS TOTTUS S.A.,,12,127110,10/05/2017,,
38,HIPPERMERCADOS TOTTUS S.A.,,11,126971,07/05/2017,,
39,HIPPERMERCADOS TOTTUS S.A.,,9,127196,14/05/2017,,
40,HIPPERMERCADOS TOTTUS S.A.,,18,126975,07/05/2017,,
41,HIPPERMERCADOS TOTTUS S.A.,,17,126974,07/05/2017,,
42,HIPPERMERCADOS TOTTUS S.A.,,16,126973,07/05/2017,,
43,HIPPERMERCADOS TOTTUS S.A.,,25,127198,14/05/2017,,
44,HIPPERMERCADOS TOTTUS S.A.,,24,127197,14/05/2017,,
45,HIPPERMERCADOS TOTTUS S.A.,,22,126979,07/05/2017,,
46,HIPPERMERCADOS TOTTUS S.A.,,21,126978,07/05/2017,,
47,HIPPERMERCADOS TOTTUS S.A.,,20,126977,07/05/2017,,
48,HIPPERMERCADOS TOTTUS S.A.,,19,126976,07/05/2017,,
49,HIPPERMERCADOS TOTTUS S.A.,,30,127112,10/05/2017,,
50,HIPPERMERCADOS TOTTUS S.A.,,29,127111,11/05/2017,,
51,HIPPERMERCADOS TOTTUS S.A.,,28,126980,04/05/2017,,
52,HIPPERMERCADOS TOTTUS S.A.,,27,127200,14/05/2017,,
53,HIPPERMERCADOS TOTTUS S.A.,,26,127199,14/05/2017,,
54,HIPPERMERCADOS TOTTUS S.A.,,43,46087,07/05/2017,,
55,HIPPERMERCADOS TOTTUS S.A.,,39,46086,07/05/2017,,
56,HIPPERMERCADOS TOTTUS S.A.,,38,46085,07/05/2017,,
57,HIPPERMERCADOS TOTTUS S.A.,,36,46084,07/05/2017,,
58,HIPPERMERCADOS TOTTUS S.A.,,35,46083,07/05/2017,,
59,HIPPERMERCADOS TOTTUS S.A.,,34,126981,07/05/2017,,
60,HIPPERMERCADOS TOTTUS S.A.,,33,127115,10/05/2017,,
61,HIPPERMERCADOS TOTTUS S.A.,,32,127114,10/05/2017,,
62,HIPPERMERCADOS TOTTUS S.A.,,31,127113,10/05/2017,,
63,HIPPERMERCADOS TOTTUS S.A.,,29,152814,22/05/2019,,
64,HIPPERMERCADOS TOTTUS S.A.,,30,152815,22/05/2019,,
65,HIPPERMERCADOS TOTTUS S.A.,,31,152816,22/05/2019,,
66,HIPPERMERCADOS TOTTUS S.A.,,32,152817,22/05/2019,,
67,HIPPERMERCADOS TOTTUS S.A.,,33,152818,22/05/2019,,
68,HIPPERMERCADOS TOTTUS S.A.,,29,152819,22/05/2019,,
69,HIPPERMERCADOS TOTTUS S.A.,,30,154554,30/06/2019,,
70,HIPPERMERCADOS TOTTUS S.A.,,31,152820,22/05/2019,,
71,HIPPERMERCADOS TOTTUS S.A.,,32,152821,22/05/2019,,
72,HIPPERMERCADOS TOTTUS S.A.,,33,152822,22/05/2019,,
73,HIPPERMERCADOS TOTTUS S.A.,,"29, 30, 31, 32, 33",72,14/07/2019,,
74,HIPPERMERCADOS TOTTUS S.A.,,30,167158,18/08/2020,,
75,HIPPERMERCADOS TOTTUS S.A.,,32,162434,22/03/2020,,
76,HIPPERMERCADOS TOTTUS S.A.,,"16,29, 30",1180,06/07/2020,,
77,HIPPERMERCADOS TOTTUS S.A.,,5,188366,05/06/2022,,
78,HIPPERMERCADOS TOTTUS S.A.,SUEÑOS DE BEBÉ,21,166070,16/07/2020,,
79,HIPPERMERCADOS TOTTUS S.A.,SUEÑOS DE BEBÉ,3,166069,16/07/2020,,
80,HIPPERMERCADOS TOTTUS S.A.,SUEÑOS DE BEBÉ,5,165801,09/07/2020,,
81,HIPPERMERCADOS TOTTUS S.A.,,30,166824,11/08/2020,,
82,HIPPERMERCADOS TOTTUS S.A.,,30,183146,28/12/2021,,
83,HIPPERMERCADOS TOTTUS S.A.,LA PANADERÍA TOTTUS,30,182440,09/12/2021,,
84,HIPPERMERCADOS TOTTUS S.A.,AUTODELI,31,174217,22/03/2021,,
85,HIPPERMERCADOS TOTTUS S.A.,AUTODELI,30,174634,05/04/2021,,
86,HIPPERMERCADOS TOTTUS S.A.,,31,186206,17/02/2022,,
87,HIPPERMERCADOS TOTTUS S.A.,,32,190021,26/07/2022,,
88,HIPPERMERCADOS TOTTUS S.A.,,32,187482,04/05/2022,,
89,HIPPERMERCADOS TOTTUS S.A.,,3,189691,16/07/2022,,
90,HIPPERMERCADOS TOTTUS S.A.,HAPPY HOUR,"32, 33, 35",4602,09/07/2022,,
91,HIPPERMERCADOS TOTTUS S.A.,EL MAÑANERO,"29, 31",4601,09/07/2022,,
92,HIPPERMERCADOS TOTTUS S.A.,,"29, 30, 31, 32, 33, 35",4371,30/05/2022,,
93,HIPPERMERCADOS TOTTUS S.A.,,3,189824,20/07/2022,,
94,HIPPERMERCADOS TOTTUS S.A.,SUPERMERCADOS TOTTUS,5,84123,21/10/2022,,
95,HIPPERMERCADOS TOTTUS S.A.,SUPERMERCADOS TOTTUS,6,84122,21/10/2022,,
96,HIPPERMERCADOS TOTTUS S.A.,SUPERMERCADOS TOTTUS,8,84121,21/10/2022,,
97,HIPPERMERCADOS TOTTUS S.A.,SUPERMERCADOS TOTTUS,9,84758,13/11/2022,,
98,HIPPERMERCADOS TOTTUS S.A.,SUPERMERCADOS TOTTUS,11,84120,21/10/2022,,
99,HIPPERMERCADOS TOTTUS S.A.,SUPERMERCADOS TOTTUS,14,84119,21/10/2022,,
100,HIPPERMERCADOS TOTTUS S.A.,SUPERMERCADOS TOTTUS,16,84118,21/10/2022,,
101,HIPPERMERCADOS TOTTUS S.A.,SUPERMERCADOS TOTTUS,17,84117,21/10/2022,,
102,HIPPERMERCADOS TOTTUS S.A.,SUPERMERCADOS TOTTUS,19,84116,21/10/2022,,
103,HIPPERMERCADOS TOTTUS S.A.,SUPERMERCADOS TOTTUS,20,84115,21/10/2022,,
104,HIPPERMERCADOS TOTTUS S.A.,SUPERMERCADOS TOTTUS,21,84114,21/10/2022,,
105,HIPPERMERCADOS TOTTUS S.A.,SUPERMERCADOS TOTTUS,22,84113,21/10/2022,,
106,HIPPERMERCADOS TOTTUS S.A.,SUPERMERCADOS TOTTUS,24,84112,21/10/2022,,
107,HIPPERMERCADOS TOTTUS S.A.,SUPERMERCADOS TOTTUS,26,84111,21/10/2022,,
108,HIPPERMERCADOS TOTTUS S.A.,SUPERMERCADOS TOTTUS,27,84110,21/10/2022,,
109,HIPPERMERCADOS TOTTUS S.A.,SUPERMERCADOS TOTTUS,28,84192,23/10/2022,,
110,HIPPERMERCADOS TOTTUS S.A.,SUPERMERCADOS TOTTUS,29,84109,21/10/2022,,
111,HIPPERMERCADOS TOTTUS S.A.,SUPERMERCADOS TOTTUS,30,84108,21/10/2022,,
112,HIPPERMERCADOS TOTTUS S.A.,SUPERMERCADOS TOTTUS,31,84107,21/10/2022,,
113,HIPPERMERCADOS TOTTUS S.A.,SUPERMERCADOS TOTTUS,32,84106,21/10/2022,,
114,HIPPERMERCADOS TOTTUS S.A.,SUPERMERCADOS TOTTUS,33,84105,21/10/2022,,
115,HIPPERMERCADOS TOTTUS S.A.,SUPERMERCADOS TOTTUS,34,84104,21/10/2022,,
116,HIPPERMERCADOS TOTTUS S.A.,,"3, 5, 25, 29, 30, 31, 32, 33, 34, 35, 43",5386,07/01/2023,,
117,HIPPERMERCADOS TOTTUS S.A.,,43,31918,26/03/2013,,Renovación en trámite teniendo como nueva fecha de vencimiento el 26.03.2023
118,HIPPERMERCADOS TOTTUS S.A.,,"02, 04, 05, 06, 08, 09, 11, 12, 14, 16, 17, 18, 19, 20, 21, 22, 24, 25, 26, 27, 28, 29, 30, 31, 32, 33, 34, 35, 36, 38, 39, 42, 43",5763,19/03/2023,,
119,HIPPERMERCADOS TOTTUS S.A.,,"05, 29, 30, 32",5889,11/04/2023,,
120,HIPPERMERCADOS TOTTUS S.A.,,"03, 16",6329,11/07/2023,,
121,HIPPERMERCADOS TOTTUS S.A.,,"05, 29, 30, 32",6352,19/07/2023,,
122,HIPPERMERCADOS TOTTUS S.A.,,"05, 29, 30, 32",6353,19/07/2023,,
123,HIPPERMERCADOS TOTTUS S.A.,NUTACREAM TOTTUS,30,201271,07/08/2023,,
124,HIPPERMERCADOS TOTTUS S.A.,,"05, 29, 30, 31, 32, 33",6560,02/09/2023,,
125,HIPPERMERCADOS TOTTUS S.A.,,43,78550,27/09/2023,,
126,SAGA FALABELLA S.A.,,24,96149,07/04/2014,,Marcas que le pertenecen a Hipermercados Tottus
127,SAGA FALABELLA S.A.,,20,96150,07/04/2014,,Marcas que le pertenecen a Hipermercados Tottus
128,SAGA FALABELLA S.A.,,27,96151,07/04/2014,,Marcas que le pertenecen a Hipermercados Tottus
129,SAGA FALABELLA S.A.,,21,96152,07/04/2014,,Marcas que le pertenecen a Hipermercados Tottus
130,SAGA FALABELLA S.A.,,8,96153,07/04/2014,,Marcas que le pertenecen a Hipermercados Tottus
131,SAGA FALABELLA S.A.,ALL BASICS,25,91219,26/08/2013,,Marcas que le pertenecen a Hipermercados Tottus
132,SAGA FALABELLA S.A.,ANITIN,30,85563,10/12/2012,,Marcas que le pertenecen a Hipermercados Tottus
133,SAGA FALABELLA S.A.,COLINA MELINKA,33,85564,10/12/2012,,Marcas que le pertenecen a Hipermercados Tottus
134,SAGA FALABELLA S.A.,COOL CAT,25,91129,26/08/2013,,Marcas que le pertenecen a Hipermercados Tottus
135,SAGA FALABELLA S.A.,FRANKENLAND,29,85186,29/11/2012,,Marcas que le pertenecen a Hipermercados Tottus
136,SAGA FALABELLA S.A.,MONTEORO,29,85184,29/11/2012,,Marcas que le pertenecen a Hipermercados Tottus
137,SAGA FALABELLA S.A.,SABATER,30,85185,29/11/2012,,Marcas que le pertenecen a Hipermercados Tottus
138,SAGA FALABELLA S.A.,TELLO,29,85190,29/11/2012,,Marcas que le pertenecen a Hipermercados Tottus
139,SAGA FALABELLA S.A.,VALDY,29,85642,06/01/2013,,Marcas que le pertenecen a Hipermercados Tottus
140,SAGA FALABELLA S.A.,ZBE,18,95159,19/02/2014,,Marcas que le pertenecen a Hipermercados Tottus
141,SAGA FALABELLA S.A.,ZBE,25,95158,19/02/2014,,Marcas que le pertenecen a Hipermercados Tottus
142,SAGA FALABELLA S.A.,ZUCCA,25,93738,31/10/2013,,Marcas que le pertenecen a Hipermercados Tottus
143,SAGA FALABELLA S.A.,,34,89101,30/05/2013,,Marcas que le pertenecen a Hipermercados Tottus
144,SAGA FALABELLA S.A.,,33,89100,30/05/2013,,Marcas que le pertenecen a Hipermercados Tottus
145,SAGA FALABELLA S.A.,,31,89090,30/05/2013,,Marcas que le pertenecen a Hipermercados Tottus
146,SAGA FALABELLA S.A.,,30,93355,21/11/2013,,Marcas que le pertenecen a Hipermercados Tottus
147,SAGA FALABELLA S.A.,,29,89097,30/05/2013,,Marcas que le pertenecen a Hipermercados Tottus
148,SAGA FALABELLA S.A.,,28,89096,30/05/2013,,Marcas que le pertenecen a Hipermercados Tottus
149,SAGA FALABELLA S.A.,,27,89095,30/05/2013,,Marcas que le pertenecen a Hipermercados Tottus
150,SAGA FALABELLA S.A.,,26,89094,30/05/2013,,Marcas que le pertenecen a Hipermercados Tottus
151,SAGA FALABELLA S.A.,,24,89093,30/05/2013,,Marcas que le pertenecen a Hipermercados Tottus
152,SAGA FALABELLA S.A.,,22,89092,30/05/2013,,Marcas que le pertenecen a Hipermercados Tottus
153,SAGA FALABELLA S.A.,,21,89091,30/05/2013,,Marcas que le pertenecen a Hipermercados Tottus
154,SAGA FALABELLA S.A.,,20,89090,30/05/2013,,Marcas que le pertenecen a Hipermercados Tottus
155,SAGA FALABELLA S.A.,,19,89089,30/05/2013,,Marcas que le pertenecen a Hipermercados Tottus
156,SAGA FALABELLA S.A.,,2,89078,30/05/2013,,Marcas que le pertenecen a Hipermercados Tottus
157,SAGA FALABELLA S.A.,,3,89079,30/05/2013,,Marcas que le pertenecen a Hipermercados Tottus
158,SAGA FALABELLA S.A.,,4,89080,30/05/2013,,Marcas que le pertenecen a Hipermercados Tottus
159,SAGA FALABELLA S.A.,,5,89081,30/05/2013,,Marcas que le pertenecen a Hipermercados Tottus
160,SAGA FALABELLA S.A.,,6,89082,30/05/2013,,Marcas que le pertenecen a Hipermercados Tottus
161,SAGA FALABELLA S.A.,,8,89083,30/05/2013,,Marcas que le pertenecen a Hipermercados Tottus
162,SAGA FALABELLA S.A.,,9,89084,30/05/2013,,Marcas que le pertenecen a Hipermercados Tottus
163,SAGA FALABELLA S.A.,,18,99682,02/08/2014,,Marcas que le pertenecen a Hipermercados Tottus
164,SAGA FALABELLA S.A.,,17,89088,30/05/2013,,Marcas que le pertenecen a Hipermercados Tottus
165,SAGA FALABELLA S.A.,,16,89087,30/05/2013,,Marcas que le pertenecen a Hipermercados Tottus
166,SAGA FALABELLA S.A.,,11,89085,30/05/2013,,Marcas que le pertenecen a Hipermercados Tottus
167,SAGA FALABELLA S.A.,,14,89086,30/05/2013,,Marcas que le pertenecen a Hipermercados Tottus
168,SAGA FALABELLA S.A.,,43,32443,30/05/2013,,Marcas que le pertenecen a Hipermercados Tottus
169,SAGA FALABELLA S.A.,,39,32442,30/05/2013,,Marcas que le pertenecen a Hipermercados Tottus
170,SAGA FALABELLA S.A.,,38,32441,30/05/2013,,Marcas que le pertenecen a Hipermercados Tottus
171,SAGA FALABELLA S.A.,,36,32440,30/05/2013,,Marcas que le pertenecen a Hipermercados Tottus
172,SAGA FALABELLA S.A.,,35,32439,30/05/2013,,Marcas que le pertenecen a Hipermercados Tottus
173,SAGA FALABELLA S.A.,SUPERMERCADOS TOTTUS,22,84113,21/10/2022,,Marcas que le pertenecen a Hipermercados Tottus
174,SAGA FALABELLA S.A.,SUPERMERCADOS TOTTUS,24,84112,21/10/2022,,Marcas que le pertenecen a Hipermercados Tottus
175,SAGA FALABELLA S.A.,SUPERMERCADOS TOTTUS,25,98765,23/06/2014,,Marcas que le pertenecen a Hipermercados Tottus
176,SAGA FALABELLA S.A.,SUPERMERCADOS TOTTUS,26,84111,21/10/2022,,Marcas que le pertenecen a Hipermercados Tottus
177,SAGA FALABELLA S.A.,SUPERMERCADOS TOTTUS,27,84110,21/10/2022,,Marcas que le pertenecen a Hipermercados Tottus
178,SAGA FALABELLA S.A.,SUPERMERCADOS TOTTUS,28,84192,23/10/2022,,Marcas que le pertenecen a Hipermercados Tottus
179,SAGA FALABELLA S.A.,SUPERMERCADOS TOTTUS,29,84109,21/10/2022,,Marcas que le pertenecen a Hipermercados Tottus
180,SAGA FALABELLA S.A.,SUPERMERCADOS TOTTUS,30,84108,21/10/2022,,Marcas que le pertenecen a Hipermercados Tottus
181,SAGA FALABELLA S.A.,SUPERMERCADOS TOTTUS,31,84107,21/10/2022,,Marcas que le pertenecen a Hipermercados Tottus
182,SAGA FALABELLA S.A.,SUPERMERCADOS TOTTUS,32,84106,21/10/2022,,Marcas que le pertenecen a Hipermercados Tottus
183,SAGA FALABELLA S.A.,SUPERMERCADOS TOTTUS,33,84105,21/10/2022,,Marcas que le pertenecen a Hipermercados Tottus
184,SAGA FALABELLA S.A.,SUPERMERCADOS TOTTUS,34,84104,21/10/2022,,Marcas que le pertenecen a Hipermercados Tottus
185,SAGA FALABELLA S.A.,SUPERMERCADOS TOTTUS,5,84123,21/10/2022,,Marcas que le pertenecen a Hipermercados Tottus
186,SAGA FALABELLA S.A.,SUPERMERCADOS TOTTUS,6,84122,21/10/2022,,Marcas que le pertenecen a Hipermercados Tottus
187,SAGA FALABELLA S.A.,SUPERMERCADOS TOTTUS,8,84121,21/10/2022,,Marcas que le pertenecen a Hipermercados Tottus
188,SAGA FALABELLA S.A.,SUPERMERCADOS TOTTUS,9,84758,13/11/2022,,Marcas que le pertenecen a Hipermercados Tottus
189,SAGA FALABELLA S.A.,SUPERMERCADOS TOTTUS,11,84120,21/10/2022,,Marcas que le pertenecen a Hipermercados Tottus
190,SAGA FALABELLA S.A.,SUPERMERCADOS TOTTUS,14,84119,21/10/2022,,Marcas que le pertenecen a Hipermercados Tottus
191,SAGA FALABELLA S.A.,SUPERMERCADOS TOTTUS,16,84118,21/10/2022,,Marcas que le pertenecen a Hipermercados Tottus
192,SAGA FALABELLA S.A.,SUPERMERCADOS TOTTUS,17,84117,21/10/2022,,Marcas que le pertenecen a Hipermercados Tottus
193,SAGA FALABELLA S.A.,SUPERMERCADOS TOTTUS,19,84116,21/10/2022,,Marcas que le pertenecen a Hipermercados Tottus
194,SAGA FALABELLA S.A.,SUPERMERCADOS TOTTUS,20,84115,21/10/2022,,Marcas que le pertenecen a Hipermercados Tottus
195,SAGA FALABELLA S.A.,SUPERMERCADOS TOTTUS,21,84114,21/10/2022,,Marcas que le pertenecen a Hipermercados Tottus
196,SAGA FALABELLA S.A.,SUPERMERCADOS TOTTUS,4,84124,21/10/2022,,Marcas que le pertenecen a Hipermercados Tottus
197,SAGA FALABELLA S.A.,SUPERMERCADOS TOTTUS,3,84125,21/10/2022,,Marcas que le pertenecen a Hipermercados Tottus
198,SAGA FALABELLA S.A.,SUPERMERCADOS TOTTUS,2,84126,21/10/2022,,Marcas que le pertenecen a Hipermercados Tottus
199,SAGA FALABELLA S.A.,SUPERMERCADOS TOTTUS,43,30728,21/10/2022,,Marcas que le pertenecen a Hipermercados Tottus
200,SAGA FALABELLA S.A.,SUPERMERCADOS TOTTUS,35,30926,13/11/2022,,Marcas que le pertenecen a Hipermercados Tottus
201,SAGA FALABELLA S.A.,SUPERMERCADOS TOTTUS,36,30730,21/10/2022,,Marcas que le pertenecen a Hipermercados Tottus
202,SAGA FALABELLA S.A.,SUPERMERCADOS TOTTUS,38,31028,25/11/2022,,Marcas que le pertenecen a Hipermercados Tottus
203,SAGA FALABELLA S.A.,SUPERMERCADOS TOTTUS,39,30729,21/10/2022,,Marcas que le pertenecen a Hipermercados Tottus
204,SAGA FALABELLA S.A.,TOTTITA,2,91660,17/09/2013,,Marcas que le pertenecen a Hipermercados Tottus
205,SAGA FALABELLA S.A.,TOTTITA,3,91661,17/09/2013,,Marcas que le pertenecen a Hipermercados Tottus
206,SAGA FALABELLA S.A.,TOTTITA,4,91662,17/09/2013,,Marcas que le pertenecen a Hipermercados Tottus
207,SAGA FALABELLA S.A.,TOTTITA,5,91663,17/09/2013,,Marcas que le pertenecen a Hipermercados Tottus
208,SAGA FALABELLA S.A.,TOTTITA,6,91664,17/09/2013,,Marcas que le pertenecen a Hipermercados Tottus
209,SAGA FALABELLA S.A.,TOTTITA,8,91665,17/09/2013,,Marcas que le pertenecen a Hipermercados Tottus
210,SAGA FALABELLA S.A.,TOTTITA,9,91761,19/09/2013,,Marcas que le pertenecen a Hipermercados Tottus
211,SAGA FALABELLA S.A.,TOTTITA,11,91666,17/09/2013,,Marcas que le pertenecen a Hipermercados Tottus
212,SAGA FALABELLA S.A.,TOTTITA,34,91682,16/09/2013,,Marcas que le pertenecen a Hipermercados Tottus
213,SAGA FALABELLA S.A.,TOTTITA,14,91667,17/09/2013,,Marcas que le pertenecen a Hipermercados Tottus
214,SAGA FALABELLA S.A.,TOTTITA,29,91681,16/09/2013,,Marcas que le pertenecen a Hipermercados Tottus
215,SAGA FALABELLA S.A.,TOTTITA,33,91680,16/09/2013,,Marcas que le pertenecen a Hipermercados Tottus
216,SAGA FALABELLA S.A.,TOTTITA,32,91679,16/09/2013,,Marcas que le pertenecen a Hipermercados Tottus
217,SAGA FALABELLA S.A.,TOTTITA,16,91668,16/09/2013,,Marcas que le pertenecen a Hipermercados Tottus
218,SAGA FALABELLA S.A.,TOTTITA,31,91678,17/09/2013,,Marcas que le pertenecen a Hipermercados Tottus
219,SAGA FALABELLA S.A.,TOTTITA,30,92812,05/11/2013,,Marcas que le pertenecen a Hipermercados Tottus
220,SAGA FALABELLA S.A.,TOTTITA,17,91669,16/09/2013,,Marcas que le pertenecen a Hipermercados Tottus
221,SAGA FALABELLA S.A.,TOTTITA,28,91677,16/09/2013,,Marcas que le pertenecen a Hipermercados Tottus
222,SAGA FALABELLA S.A.,TOTTITA,27,91676,16/09/2013,,Marcas que le pertenecen a Hipermercados Tottus
223,SAGA FALABELLA S.A.,TOTTITA,26,91675,16/09/2013,,Marcas que le pertenecen a Hipermercados Tottus
224,SAGA FALABELLA S.A.,TOTTITA,19,91670,16/09/2013,,Marcas que le pertenecen a Hipermercados Tottus
225,SAGA FALABELLA S.A.,TOTTITA,24,91674,17/09/2013,,Marcas que le pertenecen a Hipermercados Tottus
226,SAGA FALABELLA S.A.,TOTTITA,22,91673,16/09/2013,,Marcas que le pertenecen a Hipermercados Tottus
227,SAGA FALABELLA S.A.,TOTTITA,21,91672,17/09/2013,,Marcas que le pertenecen a Hipermercados Tottus
228,SAGA FALABELLA S.A.,TOTTITA,20,91671,16/09/2013,,Marcas que le pertenecen a Hipermercados Tottus
229,SAGA FALABELLA S.A.,TOTTITA,43,33360,17/09/2013,,Marcas que le pertenecen a Hipermercados Tottus
230,SAGA FALABELLA S.A.,TOTTITA,39,33359,16/09/2013,,Marcas que le pertenecen a Hipermercados Tottus
231,SAGA FALABELLA S.A.,TOTTITA,38,33358,17/09/2013,,Marcas que le pertenecen a Hipermercados Tottus
232,SAGA FALABELLA S.A.,TOTTITA,36,33357,16/09/2013,,Marcas que le pertenecen a Hipermercados Tottus
233,SAGA FALABELLA S.A.,TOTTITA,35,33356,16/09/2013,,Marcas que le pertenecen a Hipermercados Tottus
234,SAGA FALABELLA S.A.,,2,86069,24/01/2013,,Marcas que le pertenecen a Hipermercados Tottus
235,SAGA FALABELLA S.A.,,3,86070,24/01/2013,,Marcas que le pertenecen a Hipermercados Tottus
236,SAGA FALABELLA S.A.,,4,86071,24/01/2013,,Marcas que le pertenecen a Hipermercados Tottus
237,SAGA FALABELLA S.A.,,5,86072,24/01/2013,,Marcas que le pertenecen a Hipermercados Tottus
238,SAGA FALABELLA S.A.,,6,86073,24/01/2013,,Marcas que le pertenecen a Hipermercados Tottus
239,SAGA FALABELLA S.A.,,8,86074,24/01/2013,,Marcas que le pertenecen a Hipermercados Tottus
240,SAGA FALABELLA S.A.,,9,86075,24/01/2013,,Marcas que le pertenecen a Hipermercados Tottus
241,SAGA FALABELLA S.A.,,11,86076,24/01/2013,,Marcas que le pertenecen a Hipermercados Tottus
242,SAGA FALABELLA S.A.,,14,86077,24/01/2013,,Marcas que le pertenecen a Hipermercados Tottus
243,SAGA FALABELLA S.A.,,16,86078,24/01/2013,,Marcas que le pertenecen a Hipermercados Tottus
244,SAGA FALABELLA S.A.,,17,86079,24/01/2013,,Marcas que le pertenecen a Hipermercados Tottus
245,SAGA FALABELLA S.A.,,18,99144,12/08/2014,,Marcas que le pertenecen a Hipermercados Tottus
246,SAGA FALABELLA S.A.,,19,86195,28/01/2013,,Marcas que le pertenecen a Hipermercados Tottus
247,SAGA FALABELLA S.A.,,20,86080,24/01/2013,,Marcas que le pertenecen a Hipermercados Tottus
248,SAGA FALABELLA S.A.,,21,86081,24/01/2013,,Marcas que le pertenecen a Hipermercados Tottus
249,SAGA FALABELLA S.A.,,22,86082,24/01/2013,,Marcas que le pertenecen a Hipermercados Tottus
250,SAGA FALABELLA S.A.,,24,86083,24/01/2013,,Marcas que le pertenecen a Hipermercados Tottus
251,SAGA FALABELLA S.A.,,25,99145,12/08/2014,,Marcas que le pertenecen a Hipermercados Tottus
252,SAGA FALABELLA S.A.,,26,86084,24/01/2013,,Marcas que le pertenecen a Hipermercados Tottus
253,SAGA FALABELLA S.A.,,27,86085,24/01/2013,,Marcas que le pertenecen a Hipermercados Tottus
254,SAGA FALABELLA S.A.,,29,86086,24/01/2013,,Marcas que le pertenecen a Hipermercados Tottus
255,SAGA FALABELLA S.A.,,28,86087,24/01/2013,,Marcas que le pertenecen a Hipermercados Tottus
256,SAGA FALABELLA S.A.,,30,90992,30/06/2013,,Marcas que le pertenecen a Hipermercados Tottus
257,SAGA FALABELLA S.A.,,31,86088,24/01/2013,,Marcas que le pertenecen a Hipermercados Tottus
258,SAGA FALABELLA S.A.,,32,86089,24/01/2013,,Marcas que le pertenecen a Hipermercados Tottus
259,SAGA FALABELLA S.A.,,33,86090,24/01/2013,,Marcas que le pertenecen a Hipermercados Tottus
260,SAGA FALABELLA S.A.,,34,86091,24/01/2013,,Marcas que le pertenecen a Hipermercados Tottus
261,SAGA FALABELLA S.A.,,39,31458,31/01/2013,,Marcas que le pertenecen a Hipermercados Tottus
262,SAGA FALABELLA S.A.,,43,31457,31/01/2013,,Marcas que le pertenecen a Hipermercados Tottus
263,SAGA FALABELLA S.A.,,38,31456,31/01/2013,,Marcas que le pertenecen a Hipermercados Tottus
264,SAGA FALABELLA S.A.,,35,31393,24/01/2013,,Marcas que le pertenecen a Hipermercados Tottus
265,SAGA FALABELLA S.A.,,36,31455,31/01/2013,,Marcas que le pertenecen a Hipermercados Tottus
266,SAGA FALABELLA S.A.,,8,99187,07/07/2014,,Marcas que le pertenecen a Hipermercados Tottus
267,SAGA FALABELLA S.A.,,9,99186,07/07/2014,,Marcas que le pertenecen a Hipermercados Tottus
268,SAGA FALABELLA S.A.,,11,99185,07/07/2014,,Marcas que le pertenecen a Hipermercados Tottus
269,SAGA FALABELLA S.A.,,14,99184,07/07/2014,,Marcas que le pertenecen a Hipermercados Tottus
270,SAGA FALABELLA S.A.,,27,99175,07/07/2014,,Marcas que le pertenecen a Hipermercados Tottus
271,SAGA FALABELLA S.A.,,26,99176,07/07/2014,,Marcas que le pertenecen a Hipermercados Tottus
272,SAGA FALABELLA S.A.,,25,100368,06/09/2014,,Marcas que le pertenecen a Hipermercados Tottus
273,SAGA FALABELLA S.A.,,16,99183,07/07/2014,,Marcas que le pertenecen a Hipermercados Tottus
274,SAGA FALABELLA S.A.,,24,99177,07/07/2014,,Marcas que le pertenecen a Hipermercados Tottus
275,SAGA FALABELLA S.A.,,17,99182,07/07/2014,,Marcas que le pertenecen a Hipermercados Tottus
276,SAGA FALABELLA S.A.,,22,99178,07/07/2014,,Marcas que le pertenecen a Hipermercados Tottus
277,SAGA FALABELLA S.A.,,18,100369,03/09/2014,,Marcas que le pertenecen a Hipermercados Tottus
278,SAGA FALABELLA S.A.,,19,99181,07/07/2014,,Marcas que le pertenecen a Hipermercados Tottus
279,SAGA FALABELLA S.A.,,20,99180,07/07/2014,,Marcas que le pertenecen a Hipermercados Tottus
280,SAGA FALABELLA S.A.,,21,99179,07/07/2014,,Marcas que le pertenecen a Hipermercados Tottus
281,SAGA FALABELLA S.A.,,6,99188,07/07/2014,,Marcas que le pertenecen a Hipermercados Tottus
282,SAGA FALABELLA S.A.,,5,99189,07/07/2014,,Marcas que le pertenecen a Hipermercados Tottus
283,SAGA FALABELLA S.A.,,4,99190,07/07/2014,,Marcas que le pertenecen a Hipermercados Tottus
284,SAGA FALABELLA S.A.,,2,99191,07/07/2014,,Marcas que le pertenecen a Hipermercados Tottus
285,SAGA FALABELLA S.A.,,28,99698,20/07/2014,,Marcas que le pertenecen a Hipermercados Tottus
286,SAGA FALABELLA S.A.,,29,102215,18/11/2014,,Marcas que le pertenecen a Hipermercados Tottus
287,SAGA FALABELLA S.A.,,32,102219,16/11/2014,,Marcas que le pertenecen a Hipermercados Tottus
288,SAGA FALABELLA S.A.,,31,102220,16/11/2014,,Marcas que le pertenecen a Hipermercados Tottus
289,SAGA FALABELLA S.A.,,30,102221,16/11/2014,,Marcas que le pertenecen a Hipermercados Tottus
290,SAGA FALABELLA S.A.,,33,102217,16/11/2014,,Marcas que le pertenecen a Hipermercados Tottus
291,SAGA FALABELLA S.A.,,34,102218,16/11/2014,,Marcas que le pertenecen a Hipermercados Tottus
292,SAGA FALABELLA S.A.,,3,98302,01/07/2014,,Marcas que le pertenecen a Hipermercados Tottus
293,SAGA FALABELLA S.A.,,36,36941,18/11/2014,,Marcas que le pertenecen a Hipermercados Tottus
294,SAGA FALABELLA S.A.,,39,36943,16/11/2014,,Marcas que le pertenecen a Hipermercados Tottus
295,SAGA FALABELLA S.A.,,38,36944,18/11/2014,,Marcas que le pertenecen a Hipermercados Tottus
296,SAGA FALABELLA S.A.,,43,36945,16/11/2014,,Marcas que le pertenecen a Hipermercados Tottus
297,SAGA FALABELLA S.A.,,35,36942,18/11/2014,,Marcas que le pertenecen a Hipermercados Tottus
298,SAGA FALABELLA S.A.,,28,101132,23/09/2014,,Marcas que le pertenecen a Hipermercados Tottus
299,SAGA FALABELLA S.A.,,26,101133,23/09/2014,,Marcas que le pertenecen a Hipermercados Tottus
300,SAGA FALABELLA S.A.,,30,101134,23/09/2014,,Marcas que le pertenecen a Hipermercados Tottus
301,SAGA FALABELLA S.A.,,31,101135,23/09/2014,,Marcas que le pertenecen a Hipermercados Tottus
302,SAGA FALABELLA S.A.,,2,101457,30/09/2014,,Marcas que le pertenecen a Hipermercados Tottus
303,SAGA FALABELLA S.A.,,4,101458,30/09/2014,,Marcas que le pertenecen a Hipermercados Tottus
304,SAGA FALABELLA S.A.,,6,101459,30/09/2014,,Marcas que le pertenecen a Hipermercados Tottus
305,SAGA FALABELLA S.A.,,16,102204,21/10/2014,,Marcas que le pertenecen a Hipermercados Tottus
306,SAGA FALABELLA S.A.,,19,102203,21/10/2014,,Marcas que le pertenecen a Hipermercados Tottus
307,SAGA FALABELLA S.A.,,17,102202,21/10/2014,,Marcas que le pertenecen a Hipermercados Tottus
308,SAGA FALABELLA S.A.,,14,102201,21/10/2014,,Marcas que le pertenecen a Hipermercados Tottus
309,SAGA FALABELLA S.A.,,11,101462,30/09/2014,,Marcas que le pertenecen a Hipermercados Tottus
310,SAGA FALABELLA S.A.,,9,101461,30/09/2014,,Marcas que le pertenecen a Hipermercados Tottus
311,SAGA FALABELLA S.A.,,8,101460,30/09/2014,,Marcas que le pertenecen a Hipermercados Tottus
312,SAGA FALABELLA S.A.,,24,101462,30/09/2014,,Marcas que le pertenecen a Hipermercados Tottus
313,SAGA FALABELLA S.A.,,25,101130,23/09/2014,,Marcas que le pertenecen a Hipermercados Tottus
314,SAGA FALABELLA S.A.,,35,37010,17/11/2014,,Marcas que le pertenecen a Hipermercados Tottus
315,SAGA FALABELLA S.A.,,38,37011,17/11/2004,,Marcas que le pertenecen a Hipermercados Tottus
316,SAGA FALABELLA S.A.,,39,36939,21/10/2014,,Marcas que le pertenecen a Hipermercados Tottus
317,SAGA FALABELLA S.A.,,43,36940,21/10/2014,,Marcas que le pertenecen a Hipermercados Tottus
318,SAGA FALABELLA S.A.,,36,37012,17/11/2014,,Marcas que le pertenecen a Hipermercados Tottus
319,SAGA FALABELLA S.A.,TOTUS,30,92450,06/06/2013,,Marcas que le pertenecen a Hipermercados Tottus
320,SAGA FALABELLA S.A.,,16,147567,26/10/2016,,Marcas que le pertenecen a Hipermercados Tottus
321,LOGISTICA Y DISTRIBUCION SAC,,2,114882,05/05/2016,,
322,LOGISTICA Y DISTRIBUCION SAC,,4,114883,05/05/2016,,
323,LOGISTICA Y DISTRIBUCION SAC,,5,114884,05/05/2016,,
324,LOGISTICA Y DISTRIBUCION SAC,,6,114885,05/05/2016,,
325,LOGISTICA Y DISTRIBUCION SAC,,8,114972,05/05/2016,,
326,LOGISTICA Y DISTRIBUCION SAC,,11,114973,05/05/2016,,
327,LOGISTICA Y DISTRIBUCION SAC,,14,114974,05/05/2016,,
328,LOGISTICA Y DISTRIBUCION SAC,,15,114975,05/05/2016,,
329,LOGISTICA Y DISTRIBUCION SAC,,17,114976,05/05/2016,,
330,LOGISTICA Y DISTRIBUCION SAC,,18,114977,05/05/2016,,
331,LOGISTICA Y DISTRIBUCION SAC,,19,114978,05/05/2016,,
332,LOGISTICA Y DISTRIBUCION SAC,,20,114979,05/05/2016,,
333,LOGISTICA Y DISTRIBUCION SAC,,21,115730,05/05/2016,,
334,LOGISTICA Y DISTRIBUCION SAC,,24,114980,05/05/2016,,
335,LOGISTICA Y DISTRIBUCION SAC,,22,114981,05/05/2016,,
336,LOGISTICA Y DISTRIBUCION SAC,,26,114982,05/05/2016,,
337,LOGISTICA Y DISTRIBUCION SAC,,27,114983,05/05/2016,,
338,LOGISTICA Y DISTRIBUCION SAC,,34,114984,05/05/2016,,
339,LOGISTICA Y DISTRIBUCION SAC,,36,41658,05/05/2016,,
340,LOGISTICA Y DISTRIBUCION SAC,,39,46159,05/05/2016,,
341,LOGISTICA Y DISTRIBUCION SAC,,43,41660,05/05/2016,,
342,SANTIAGO QUEIROLO S.A.C.,SANTIAGO QUEIROLO EL SABOR DEL BUEN VINO,33,84392,30/10/2022,,En Trámite ante INDECOPI
343,SANTIAGO QUEIROLO S.A.C.,,33,90834,07/08/2013,,En Trámite ante INDECOPI
344,SANTIAGO QUEIROLO S.A.C.,,33,98416,09/07/2014,"Aún vigente, pero no se renueva",En Trámite ante INDECOPI
345,SANTIAGO QUEIROLO S.A.C.,,33,98443,09/07/2014,"Aún vigente, pero no se renueva",En Trámite ante INDECOPI
346,SANTIAGO QUEIROLO S.A.C.,VIÑAS QUEIROLO,33,99652,01/09/2014,"Aún vigente, pero no se renueva",En Trámite ante INDECOPI
347,SANTIAGO QUEIROLO S.A.C.,,33,56507(ITINTEC),27/02/2015,,En Trámite ante INDECOPI
348,SANTIAGO QUEIROLO S.A.C.,SANTIAGO QUEIROLO Y DISFRUTE DE LA VIDA. (Lema),33,1573,13/03/2015,,En Trámite ante INDECOPI
349,SANTIAGO QUEIROLO S.A.C.,,33,13841,13/03/2015,,En Trámite ante INDECOPI
350,SANTIAGO QUEIROLO S.A.C.,SANTIAGO QUEIROLO,30,88942(ITINTEC),07/01/2016,,En Trámite ante INDECOPI
351,SANTIAGO QUEIROLO S.A.C.,VIÑA LA LÁGRIMA,33,88941(ITINTEC),07/01/2016,,En Trámite ante INDECOPI
352,SANTIAGO QUEIROLO S.A.C.,,33,120633,20/10/2016,,En Trámite ante INDECOPI
353,SANTIAGO QUEIROLO S.A.C.,,33,120632,20/10/2016,,En Trámite ante INDECOPI
354,SANTIAGO QUEIROLO S.A.C.,,33,121366,14/11/2016,,En Trámite ante INDECOPI
355,SANTIAGO QUEIROLO S.A.C.,,33,122345,12/12/2016,,En Trámite ante INDECOPI
356,SANTIAGO QUEIROLO S.A.C.,,33,122737,29/12/2016,,En Trámite ante INDECOPI
357,SANTIAGO QUEIROLO S.A.C.,,33,124379,07/02/2017,,En Trámite ante INDECOPI
358,SANTIAGO QUEIROLO S.A.C.,,33,125175,05/03/2017,,En Trámite ante INDECOPI
359,SANTIAGO QUEIROLO S.A.C.,,33,125177,05/03/2017,,En Trámite ante INDECOPI
360,SANTIAGO QUEIROLO S.A.C.,,33,125178,05/03/2017,,En Trámite ante INDECOPI
361,SANTIAGO QUEIROLO S.A.C.,,33,125176,05/03/2017,,En Trámite ante INDECOPI
362,SANTIAGO QUEIROLO S.A.C.,,33,125457,12/03/2017,,En Trámite ante INDECOPI
363,SANTIAGO QUEIROLO S.A.C.,,33,127171,29/03/2017,,En Trámite ante INDECOPI
364,SANTIAGO QUEIROLO S.A.C.,,33,128858,09/07/2017,,En Trámite ante INDECOPI
365,SANTIAGO QUEIROLO S.A.C.,LOS HÚSARES,33,129135,19/07/2017,,En Trámite ante INDECOPI
366,SANTIAGO QUEIROLO S.A.C.,,33,125404,09/03/2017,,En Trámite ante INDECOPI
367,SANTIAGO QUEIROLO S.A.C.,,33,131896,22/10/2017,,En Trámite ante INDECOPI
368,SANTIAGO QUEIROLO S.A.C.,VIÑA SAN GERÓNIMO,33,136076,06/03/2018,,En Trámite ante INDECOPI
369,SANTIAGO QUEIROLO S.A.C.,INTIPALKA,33,147981,28/01/2019,,En Trámite ante INDECOPI
370,SANTIAGO QUEIROLO S.A.C.,INTIWASI,33,147982,28/01/2019,,En Trámite ante INDECOPI
371,SANTIAGO QUEIROLO S.A.C.,TIERRAS LEJANAS,33,147983,28/01/2019,,En Trámite ante INDECOPI
372,SANTIAGO QUEIROLO S.A.C.,LEYENDAS,33,147984,28/01/2019,,En Trámite ante INDECOPI
373,SANTIAGO QUEIROLO S.A.C.,LA RES,33,156716,10/09/2019,,En Trámite ante INDECOPI
374,SANTIAGO QUEIROLO S.A.C.,PORTUS,33,160686,27/01/2020,,En Trámite ante INDECOPI
375,SANTIAGO QUEIROLO S.A.C.,PRIMA DONNA,33,61568,29/02/2020,,En Trámite ante INDECOPI
376,SANTIAGO QUEIROLO S.A.C.,,33,165790,09/07/2020,,En Trámite ante INDECOPI
377,SANTIAGO QUEIROLO S.A.C.,VINO COSECHA 130,33,166378,27/07/2020,,En Trámite ante INDECOPI
378,SANTIAGO QUEIROLO S.A.C.,,33,67470,09/11/2020,,En Trámite ante INDECOPI
379,SANTIAGO QUEIROLO S.A.C.,,33,74741,10/11/2020,,En Trámite ante INDECOPI
380,SANTIAGO QUEIROLO S.A.C.,EISHA,33,174894,08/04/2021,,En Trámite ante INDECOPI
381,SANTIAGO QUEIROLO S.A.C.,VALS,33,175042,11/04/2021,,En Trámite ante INDECOPI
382,SANTIAGO QUEIROLO S.A.C.,,32,179985,26/09/2021,,En Trámite ante INDECOPI
383,SANTIAGO QUEIROLO S.A.C.,,33,180605,11/10/2021,,En Trámite ante INDECOPI
384,SANTIAGO QUEIROLO S.A.C.,,33,180606,11/10/2021,,En Trámite ante INDECOPI
385,SANTIAGO QUEIROLO S.A.C.,,33,180607,11/10/2021,,En Trámite ante INDECOPI
386,SANTIAGO QUEIROLO S.A.C.,LA SUCURSAL,43,69241,30/11/2021,,En Trámite ante INDECOPI
387,SANTIAGO QUEIROLO S.A.C.,DON SANTIAGO,30,188529,08/06/2022,,En Trámite ante INDECOPI
388,SANTIAGO QUEIROLO S.A.C.,INTIPASTA,30,188528,08/06/2022,,En Trámite ante INDECOPI
389,SANTIAGO QUEIROLO S.A.C.,,33,189699,16/07/2022,,En Trámite ante INDECOPI
390,SANTIAGO QUEIROLO S.A.C.,,43,72520,19/07/2022,,En Trámite ante INDECOPI
391,SANTIAGO QUEIROLO S.A.C.,,33,194113,12/12/2022,,En Trámite ante INDECOPI
392,SANTIAGO QUEIROLO S.A.C.,,29,5830,03/02/2022,,En Trámite ante INDECOPI
393,SANTIAGO QUEIROLO S.A.C.,,30,5830,03/02/2022,,En Trámite ante INDECOPI
394,SANTIAGO QUEIROLO S.A.C.,,31,5830,03/02/2022,,En Trámite ante INDECOPI
395,SANTIAGO QUEIROLO S.A.C.,,32,5830,03/02/2022,,En Trámite ante INDECOPI
396,SANTIAGO QUEIROLO S.A.C.,SANTIAGO QUEIROLO S.A. (NOMBRE COMERCIAL,33,10411,07/01/2016,,En Trámite ante INDECOPI
397,SANTIAGO QUEIROLO S.A.C.,DON SANTIAGO,33,29215,16/09/2016,,En Trámite ante INDECOPI
398,SANTIAGO QUEIROLO S.A.C.,,33,168178,16/09/2020,,En Trámite ante INDECOPI
399,SANTIAGO QUEIROLO S.A.C.,MASCO,33,26054,22/05/2016,,En Trámite ante INDECOPI
400,SANTIAGO QUEIROLO S.A.C.,,43,70978,16/03/2022,,En Trámite ante INDECOPI
401,SANTIAGO QUEIROLO S.A.C.,PISCO MOSTO VERDE,33,129,23/10/2013,"renovación en trámite, nueva fecha de vencimiento 23.10.2023",
402,SANTIAGO QUEIROLO S.A.C.,PISCO ACHOLADO,33,130,23/10/2013,"renovación en trámite, nueva fecha de vencimiento 23.10.2023",
403,SANTIAGO QUEIROLO S.A.C.,PISCO PURO DE UVAS AEROMÁTICAS,33,398,22/08/2017,,
404,SANTIAGO QUEIROLO S.A.C.,PISCO DE UVAS NO AEROMÁTICAS,33,513,30/09/2018,,
405,ENOTOURS PERU S.A.C.,,30,188739,11/06/2022,,
406,SAGA FALABELLA S.A.,AGM,28,60941,31/01/2020,,
407,SAGA FALABELLA S.A.,,8,718,20/01/2020,,
408,SAGA FALABELLA S.A.,,25,126752,25/04/2017,,
409,SAGA FALABELLA S.A.,,25,126386,18/04/2017,,
410,SAGA FALABELLA S.A.,,18,150542,31/03/2019,,
411,SAGA FALABELLA S.A.,,14,150541,31/03/2019,,
412,SAGA FALABELLA S.A.,ATREVETE.CAMBIA,33,116648,26/06/2016,,
413,SAGA FALABELLA S.A.,ATREVETE.CAMBIA,27,116771,28/06/2016,,
414,SAGA FALABELLA S.A.,ATREVETE.CAMBIA,25,116649,26/06/2016,,
415,SAGA FALABELLA S.A.,ATREVETE.CAMBIA,24,116650,26/06/2016,,
416,SAGA FALABELLA S.A.,ATREVETE.CAMBIA,22,116651,26/06/2016,,
417,SAGA FALABELLA S.A.,ATREVETE.CAMBIA,21,116652,26/06/2016,,
418,SAGA FALABELLA S.A.,ATREVETE.CAMBIA,20,116653,26/06/2016,,
419,SAGA FALABELLA S.A.,ATREVETE.CAMBIA,18,116654,26/06/2016,,
420,SAGA FALABELLA S.A.,ATREVETE.CAMBIA,16,116655,26/06/2016,,
421,SAGA FALABELLA S.A.,ATREVETE.CAMBIA,15,116656,26/06/2016,,
422,SAGA FALABELLA S.A.,ATREVETE.CAMBIA,12,116657,26/06/2016,,
423,SAGA FALABELLA S.A.,ATREVETE.CAMBIA,11,116658,26/06/2016,,
424,SAGA FALABELLA S.A.,ATREVETE.CAMBIA,9,116659,26/06/2016,,
425,SAGA FALABELLA S.A.,ATREVETE.CAMBIA,28,117376,20/07/2016,,
426,SAGA FALABELLA S.A.,ATREVETE.CAMBIA,8,116660,26/06/2016,,
427,SAGA FALABELLA S.A.,ATRIUM,25,115106,09/05/2016,,
428,SAGA FALABELLA S.A.,B.C. ETHIC,25,48053,21/08/2018,,
429,SAGA FALABELLA S.A.,,18,124611,12/02/2017,,
430,SAGA FALABELLA S.A.,,28,124610,12/02/2017,,
431,SAGA FALABELLA S.A.,,24,124609,12/02/2017,,
432,SAGA FALABELLA S.A.,,25,127743,27/04/2017,,
433,SAGA FALABELLA S.A.,,20,124608,12/02/2017,,
434,SAGA FALABELLA S.A.,,11,124607,12/02/2017,,
435,SAGA FALABELLA S.A.,BASEMENT,8,138656,26/05/2018,,
436,SAGA FALABELLA S.A.,BASEMENT,21,138657,26/05/2018,,
437,SAGA FALABELLA S.A.,BASEMENT,24,138658,26/05/2018,,
438,SAGA FALABELLA S.A.,BASEMENT,3,102056,04/01/2025,,
439,SAGA FALABELLA S.A.,BASEMENT,18,134056,14/12/2017,,
440,SAGA FALABELLA S.A.,BASEMENT,"09, 11, 14",9971,12/02/2025,,
441,SAGA FALABELLA S.A.,BSM,8,138659,26/05/2018,,
442,SAGA FALABELLA S.A.,BSM,21,138196,13/05/2018,,
443,SAGA FALABELLA S.A.,BSM,24,138197,13/05/2018,,
444,SAGA FALABELLA S.A.,BASEMENT HOME,24,86825,19/02/2023,,
445,SAGA FALABELLA S.A.,BASEMENT HOME,"20, 21",10122,27/02/2025,,
446,SAGA FALABELLA S.A.,BELISSIMO,21,91893,29/09/2023,,
447,SAGA FALABELLA S.A.,BELISSIMO,20,92039,02/10/2023,,
448,SAGA FALABELLA S.A.,BELISSIMO,27,91892,29/09/2023,,
449,SAGA FALABELLA S.A.,BETTER & BETTER,8,111930,30/01/2016,,
450,SAGA FALABELLA S.A.,BETTER & BETTER,11,113870,06/04/2016,,
451,SAGA FALABELLA S.A.,BETTER & BETTER,21,111931,31/01/2016,,
452,SAGA FALABELLA S.A.,BETTINA,25,168364,23/09/2020,,
453,SAGA FALABELLA S.A.,,12,3412,07/11/2021,,
454,SAGA FALABELLA S.A.,,28,3412,07/11/2021,,
455,SAGA FALABELLA S.A.,BTT,25,165644,30/06/2020,,
456,SAGA FALABELLA S.A.,BLU,18,120572,18/10/2016,,
457,SAGA FALABELLA S.A.,BLU,14,120573,18/10/2016,,
458,SAGA FALABELLA S.A.,BLU,25,123260,28/11/2016,,
459,SAGA FALABELLA S.A.,,27,173385,25/02/2021,,
460,SAGA FALABELLA S.A.,,28,173539,03/03/2021,,
461,SAGA FALABELLA S.A.,,22,173211,23/02/2021,,
462,SAGA FALABELLA S.A.,,25,174779,06/04/2021,,
463,SAGA FALABELLA S.A.,BSM SPORT,25,60311,13/01/2020,,
464,SAGA FALABELLA S.A.,CAMA PACK,24,85183,29/11/2022,,
465,SAGA FALABELLA S.A.,CASA JOVEN,21,51810,22/01/2019,,
466,SAGA FALABELLA S.A.,CASA JOVEN,11,65410,14/08/2020,,
467,SAGA FALABELLA S.A.,CASA JOVEN,20,67483,09/11/2020,,
468,SAGA FALABELLA S.A.,CASA JOVEN,24,67484,09/11/2020,,
469,SAGA FALABELLA S.A.,CMR.COM,25,65503,17/08/2020,,
470,SAGA FALABELLA S.A.,CONEXIÓN DIGITAL FALABELLA,35,68826,24/10/2021,,
471,SAGA FALABELLA S.A.,CONTIGO SIEMPRE FALABELLA,35,68598,05/10/2021,,
472,SAGA FALABELLA S.A.,COMMODORE,9,91332,01/09/2023,,
473,SAGA FALABELLA S.A.,COTLER,16,107349,19/07/2015,,
474,SAGA FALABELLA S.A.,COTLER,25,47012,19/05/2017,,
475,SAGA FALABELLA S.A.,DECO COMEDORES FALABELLA,35,68786,21/10/2021,,
476,SAGA FALABELLA S.A.,DECO DORMITORIOS FALABELLA,35,68599,05/10/2021,,
477,SAGA FALABELLA S.A.,DENIM ATTRACTION,9,115040,05/05/2016,,
478,SAGA FALABELLA S.A.,DENIM ATTRACTION,14,115303,17/05/2016,,
479,SAGA FALABELLA S.A.,DENIM ATTRACTION,18,115041,05/05/2016,,
480,SAGA FALABELLA S.A.,DENIM ATTRACTION,25,115042,05/05/2016,,
481,SAGA FALABELLA S.A.,,9,139366,10/06/2018,,
482,SAGA FALABELLA S.A.,,14,139367,10/06/2018,,
483,SAGA FALABELLA S.A.,,18,139368,10/06/2018,,
484,SAGA FALABELLA S.A.,,25,139369,10/06/2018,,
485,SAGA FALABELLA S.A.,DESCANSO PERFECTO FALABELLA,35,68593,05/10/2021,,
486,SAGA FALABELLA S.A.,,3,3853,27/02/2022,,
487,SAGA FALABELLA S.A.,,8,3853,27/02/2022,,
488,SAGA FALABELLA S.A.,,9,3853,27/02/2022,,
489,SAGA FALABELLA S.A.,,11,3853,27/02/2022,,
490,SAGA FALABELLA S.A.,,12,3853,27/02/2022,,
491,SAGA FALABELLA S.A.,,14,3853,27/02/2022,,
492,SAGA FALABELLA S.A.,,18,3853,27/02/2022,,
493,SAGA FALABELLA S.A.,,20,3853,27/02/2022,,
494,SAGA FALABELLA S.A.,,21,3853,27/02/2022,,
495,SAGA FALABELLA S.A.,,22,3853,27/02/2022,,
496,SAGA FALABELLA S.A.,,24,3853,27/02/2022,,
497,SAGA FALABELLA S.A.,,27,3853,27/02/2022,,
498,SAGA FALABELLA S.A.,,28,3853,27/02/2022,,
499,SAGA FALABELLA S.A.,,9,140270,08/07/2018,,
500,SAGA FALABELLA S.A.,,14,140271,08/07/2018,,
501,SAGA FALABELLA S.A.,,18,140272,08/07/2018,,
502,SAGA FALABELLA S.A.,,25,140273,08/07/2018,,
503,SAGA FALABELLA S.A.,,25,152680,20/05/2019,,
504,SAGA FALABELLA S.A.,,18,152679,20/05/2019,,
505,SAGA FALABELLA S.A.,,9,152677,20/05/2019,,
506,SAGA FALABELLA S.A.,,3,152676,20/05/2019,,
507,SAGA FALABELLA S.A.,,14,152678,20/05/2019,,
508,SAGA FALABELLA S.A.,,25,152451,18/05/2019,,
509,SAGA FALABELLA S.A.,,18,152675,20/05/2019,,
510,SAGA FALABELLA S.A.,,14,152674,20/05/2019,,
511,SAGA FALABELLA S.A.,,9,152673,20/05/2019,,
512,SAGA FALABELLA S.A.,,3,152672,20/05/2019,,
513,SAGA FALABELLA S.A.,,25,152450,18/05/2019,,
514,SAGA FALABELLA S.A.,,18,152449,18/05/2019,,
515,SAGA FALABELLA S.A.,,14,152671,20/05/2019,,
516,SAGA FALABELLA S.A.,,9,152670,20/05/2019,,
517,SAGA FALABELLA S.A.,,3,152669,20/05/2019,,
518,SAGA FALABELLA S.A.,DÍAS F FALABELLA,35,70433,21/02/2022,,
519,SAGA FALABELLA S.A.,DÍAS FANTÁSTICOS FALABELLA,35,68601,05/10/2021,,
520,SAGA FALABELLA S.A.,DIDJERIDOO,25,57209,31/08/2019,,
521,SAGA FALABELLA S.A.,DOLLHOUSE,25,52373,15/12/2018,,
522,SAGA FALABELLA S.A.,,18,70908,17/04/2021,,
523,SAGA FALABELLA S.A.,,25,84567,30/09/2022,,
524,SAGA FALABELLA S.A.,,9,116029,06/06/2016,,
525,SAGA FALABELLA S.A.,,14,116030,06/06/2016,,
526,SAGA FALABELLA S.A.,,25,150545,31/03/2019,,
527,SAGA FALABELLA S.A.,,18,150544,31/03/2019,,
528,SAGA FALABELLA S.A.,,14,150543,31/03/2019,,
529,SAGA FALABELLA S.A.,,25,150617,06/04/2019,,
530,SAGA FALABELLA S.A.,,18,150616,06/04/2019,,
531,SAGA FALABELLA S.A.,,14,150546,31/03/2019,,
532,SAGA FALABELLA S.A.,,25,150548,31/03/2019,,
533,SAGA FALABELLA S.A.,,18,150547,31/03/2019,,
534,SAGA FALABELLA S.A.,,14,150787,15/04/2019,,
535,SAGA FALABELLA S.A.,"WELCOME TO FREEDOM, DOO AUSTRALIA",25,151942,07/05/2019,,
536,SAGA FALABELLA S.A.,"WELCOME TO FREEDOM, DOO AUSTRALIA",35,61219,27/01/2020,,
537,SAGA FALABELLA S.A.,"BIENVENIDA LIBERTAD, DOO AUSTRALIA",25,151943,07/05/2019,,
538,SAGA FALABELLA S.A.,"BIENVENIDA LIBERTAD, DOO AUSTRALIA",35,56397,07/05/2019,,
539,SAGA FALABELLA S.A.,,25,193396,28/09/2022,,
540,SAGA FALABELLA S.A.,,14,225721,10/04/2025,,
541,SAGA FALABELLA S.A.,,14,225722,10/04/2025,,
542,SAGA FALABELLA S.A.,,29,98722,20/07/2024,,
543,SAGA FALABELLA S.A.,,30,98723,20/07/2024,,
544,SAGA FALABELLA S.A.,,25,105932,27/05/2015,,
545,SAGA FALABELLA S.A.,,16,105806,23/05/2015,,
546,SAGA FALABELLA S.A.,,25,124731,15/02/2017,,
547,SAGA FALABELLA S.A.,ELEVEN SPORT,25,68858,24/01/2021,,
548,SAGA FALABELLA S.A.,,25,123754,19/01/2017,,
549,SAGA FALABELLA S.A.,EMPORIO FALABELLA,29,114541,25/04/2016,,
550,SAGA FALABELLA S.A.,EMPORIO FALABELLA,30,95037,17/02/2024,,
551,SAGA FALABELLA S.A.,ENVISION,9,85035,25/11/2022,,
552,SAGA FALABELLA S.A.,,33,115920,02/06/2016,,
553,SAGA FALABELLA S.A.,,27,115921,02/06/2016,,
554,SAGA FALABELLA S.A.,,28,115922,02/06/2016,,
555,SAGA FALABELLA S.A.,,26,115923,02/06/2016,,
556,SAGA FALABELLA S.A.,,25,115924,02/06/2016,,
557,SAGA FALABELLA S.A.,,24,115925,02/06/2016,,
558,SAGA FALABELLA S.A.,,22,115926,02/06/2016,,
559,SAGA FALABELLA S.A.,,21,115927,02/06/2016,,
560,SAGA FALABELLA S.A.,,20,115928,02/06/2016,,
561,SAGA FALABELLA S.A.,,16,116505,21/06/2016,,
562,SAGA FALABELLA S.A.,,18,115929,02/06/2016,,
563,SAGA FALABELLA S.A.,,14,115930,02/06/2016,,
564,SAGA FALABELLA S.A.,,15,115931,02/06/2016,,
565,SAGA FALABELLA S.A.,,12,116506,21/06/2016,,
566,SAGA FALABELLA S.A.,,9,115932,02/06/2016,,
567,SAGA FALABELLA S.A.,,11,115933,02/06/2016,,
568,SAGA FALABELLA S.A.,,8,115934,02/06/2016,,
569,SAGA FALABELLA S.A.,,3,116507,20/06/2016,,
570,SAGA FALABELLA S.A.,,38,45224,12/02/2017,,
571,SAGA FALABELLA S.A.,,35,45223,12/02/2017,,
572,SAGA FALABELLA S.A.,,8,115637,25/05/2016,,
573,SAGA FALABELLA S.A.,,9,115638,25/05/2016,,
574,SAGA FALABELLA S.A.,,11,115639,25/05/2016,,
575,SAGA FALABELLA S.A.,,14,115640,26/05/2016,,
576,SAGA FALABELLA S.A.,,15,115641,25/05/2016,,
577,SAGA FALABELLA S.A.,,18,115642,25/05/2016,,
578,SAGA FALABELLA S.A.,,20,115643,25/05/2016,,
579,SAGA FALABELLA S.A.,,21,115644,25/05/2016,,
580,SAGA FALABELLA S.A.,,22,115645,26/05/2016,,
581,SAGA FALABELLA S.A.,,24,115646,25/05/2016,,
582,SAGA FALABELLA S.A.,,25,115647,25/05/2016,,
583,SAGA FALABELLA S.A.,,26,115648,25/05/2016,,
584,SAGA FALABELLA S.A.,,27,115649,25/05/2016,,
585,SAGA FALABELLA S.A.,,28,115650,25/05/2016,,
586,SAGA FALABELLA S.A.,,33,115651,25/05/2016,,
587,SAGA FALABELLA S.A.,,35,41883,25/05/2016,,
588,SAGA FALABELLA S.A.,,26,126426,20/04/2017,,
589,SAGA FALABELLA S.A.,,35,45998,27/04/2017,,
590,SAGA FALABELLA S.A.,,25,108322,31/08/2025,,
591,SAGA FALABELLA S.A.,,25,108532,01/09/2025,,
592,SAGA FALABELLA S.A.,FEDERATION,25,120079,23/08/2016,,
593,SAGA FALABELLA S.A.,,25,116622,23/06/2016,,
594,SAGA FALABELLA S.A.,,25,155373,18/05/2016,,
595,SAGA FALABELLA S.A.,,16,87508,24/03/2023,,
596,SAGA FALABELLA S.A.,,11,75224,26/09/2021,,
597,SAGA FALABELLA S.A.,,8,75225,26/09/2021,,
598,SAGA FALABELLA S.A.,,3,77213,28/12/2021,,
599,SAGA FALABELLA S.A.,,15,75226,26/09/2021,,
600,SAGA FALABELLA S.A.,,14,75227,26/09/2021,,
601,SAGA FALABELLA S.A.,,18,75228,26/09/2021,,
602,SAGA FALABELLA S.A.,,21,77430,28/12/2021,,
603,SAGA FALABELLA S.A.,,20,77214,28/12/2021,,
604,SAGA FALABELLA S.A.,,24,77215,28/12/2021,,
605,SAGA FALABELLA S.A.,,27,85840,14/01/2023,,
606,SAGA FALABELLA S.A.,,25,77216,28/12/2021,,
607,SAGA FALABELLA S.A.,,28,75229,26/09/2021,,
608,SAGA FALABELLA S.A.,,9,89049,30/05/2023,,
609,SAGA FALABELLA S.A.,,35,35044,20/04/2014,,
610,SAGA FALABELLA S.A.,,38,36186,19/07/2024,,
611,SAGA FALABELLA S.A.,FOOD COURT SAGA FALABELLA,43,26649,08/08/2021,,
612,SAGA FALABELLA S.A.,FOOD COURT SAN ISIDRO,42,21273,28/04/2020,,
613,SAGA FALABELLA S.A.,FOOD PLAZA SAN ISIDRO,42,21215,28/04/2020,,
614,SAGA FALABELLA S.A.,FREE PEOPLE,25,46847,24/06/2018,,
615,SAGA FALABELLA S.A.,FUNNY BANDS,28,2714,24/06/2021,,
616,SAGA FALABELLA S.A.,FUNNY BANDS,14,2714,24/06/2021,,
617,SAGA FALABELLA S.A.,,14,170386,30/11/2020,,
618,SAGA FALABELLA S.A.,GALLINI,25,49546,21/10/2018,,
619,SAGA FALABELLA S.A.,,3,124314,27/12/2016,,
620,SAGA FALABELLA S.A.,,9,124315,27/12/2016,,
621,SAGA FALABELLA S.A.,,14,124316,27/12/2016,,
622,SAGA FALABELLA S.A.,,18,124317,27/12/2016,,
623,SAGA FALABELLA S.A.,,25,112909,16/12/2025,,
624,SAGA FALABELLA S.A.,GASSOLLINNE BY CONECTION,25,164546,03/06/2019,,
625,SAGA FALABELLA S.A.,GIANNI MORELLI,25,58612,28/10/2019,,
626,SAGA FALABELLA S.A.,GIRL 6,25,50087,04/11/2018,,
627,SAGA FALABELLA S.A.,,25,170716,09/12/2020,,
628,SAGA FALABELLA S.A.,,30,113663,27/03/2016,,
629,SAGA FALABELLA S.A.,HOLLEY SKOOL,21,130689,10/09/2017,,
630,SAGA FALABELLA S.A.,HOLLEY SKOOL,18,130262,21/08/2017,,
631,SAGA FALABELLA S.A.,HOLLEY SKOOL,16,130690,10/09/2017,,
632,SAGA FALABELLA S.A.,HOLLEY SKOOL,8,130263,21/08/2017,,
633,SAGA FALABELLA S.A.,HAUS,20,91054,19/08/2023,,
634,SAGA FALABELLA S.A.,HAUS,27,91053,19/08/2023,,
635,SAGA FALABELLA S.A.,HAUS,24,91052,19/08/2023,,
636,SAGA FALABELLA S.A.,HAUS,21,91051,19/08/2023,,
637,SAGA FALABELLA S.A.,HAUS,28,91055,19/08/2023,,
638,SAGA FALABELLA S.A.,HOME STORE,11,81674,12/07/2022,,
639,SAGA FALABELLA S.A.,HOME STORE,9,81673,12/07/2022,,
640,SAGA FALABELLA S.A.,HOME STORE,19,82506,16/08/2022,,
641,SAGA FALABELLA S.A.,HOME STORE,20,81675,12/07/2022,,
642,SAGA FALABELLA S.A.,HOME STORE,22,82210,05/08/2022,,
643,SAGA FALABELLA S.A.,HOME STORE,27,82507,16/08/2022,,
644,SAGA FALABELLA S.A.,HOME STORE,8,83837,14/10/2022,,
645,SAGA FALABELLA S.A.,HOME STORE,7,83838,14/10/2022,,
646,SAGA FALABELLA S.A.,HOME STORE,6,85123,29/11/2022,,
647,SAGA FALABELLA S.A.,HOME STORE,16,83839,14/10/2022,,
648,SAGA FALABELLA S.A.,HOME STORE,31,83840,15/10/2022,,
649,SAGA FALABELLA S.A.,HOT FALABELLA,35,68825,24/10/2021,,
650,SAGA FALABELLA S.A.,JUGUETILANDIA,28,168698,05/10/2020,,
651,SAGA FALABELLA S.A.,LAURA PARKER,25,82278,28/06/2022,,
652,SAGA FALABELLA S.A.,LIQUIDACIÓN DE CALIDAD FALABELLA,35,68785,21/10/2021,,
653,SAGA FALABELLA S.A.,,36,23765,22/09/2020,,
654,SAGA FALABELLA S.A.,LIVE THE PRESENT DOO AUSTRALIA,25,174011,15/03/2021,,
655,SAGA FALABELLA S.A.,LOUNGE,18,115104,09/05/2016,,
656,SAGA FALABELLA S.A.,LOUNGE,25,115105,09/05/2016,,
657,SAGA FALABELLA S.A.,MALABAR,20,69796,27/02/2021,,
658,SAGA FALABELLA S.A.,,3,114854,05/05/2016,,
659,SAGA FALABELLA S.A.,,33,114840,05/05/2016,,
660,SAGA FALABELLA S.A.,,28,114841,05/05/2016,,
661,SAGA FALABELLA S.A.,,26,116508,20/06/2016,,
662,SAGA FALABELLA S.A.,,27,114842,05/05/2016,,
663,SAGA FALABELLA S.A.,,21,115351,18/05/2016,,
664,SAGA FALABELLA S.A.,,22,116509,20/06/2016,,
665,SAGA FALABELLA S.A.,,24,114843,05/05/2016,,
666,SAGA FALABELLA S.A.,,25,114844,05/05/2016,,
667,SAGA FALABELLA S.A.,,8,114845,05/05/2016,,
668,SAGA FALABELLA S.A.,,9,114846,05/05/2016,,
669,SAGA FALABELLA S.A.,,11,114847,05/05/2016,,
670,SAGA FALABELLA S.A.,,12,114848,05/05/2016,,
671,SAGA FALABELLA S.A.,,14,114849,05/05/2016,,
672,SAGA FALABELLA S.A.,,15,114850,05/05/2016,,
673,SAGA FALABELLA S.A.,,16,114851,05/05/2016,,
674,SAGA FALABELLA S.A.,,18,114852,05/05/2016,,
675,SAGA FALABELLA S.A.,,20,114853,05/05/2016,,
676,SAGA FALABELLA S.A.,,3,115215,12/05/2016,,
677,SAGA FALABELLA S.A.,,8,115216,12/05/2016,,
678,SAGA FALABELLA S.A.,,9,115217,12/05/2016,,
679,SAGA FALABELLA S.A.,,11,115571,23/05/2016,,
680,SAGA FALABELLA S.A.,,12,115572,23/05/2016,,
681,SAGA FALABELLA S.A.,,14,115573,23/05/2016,,
682,SAGA FALABELLA S.A.,,15,115574,23/05/2016,,
683,SAGA FALABELLA S.A.,,16,115575,23/05/2016,,
684,SAGA FALABELLA S.A.,,18,115576,23/05/2016,,
685,SAGA FALABELLA S.A.,,20,115577,23/05/2016,,
686,SAGA FALABELLA S.A.,,21,115704,25/05/2016,,
687,SAGA FALABELLA S.A.,,22,117486,24/07/2016,,
688,SAGA FALABELLA S.A.,,24,115578,23/05/2016,,
689,SAGA FALABELLA S.A.,,25,115705,26/05/2016,,
690,SAGA FALABELLA S.A.,,26,117487,24/07/2016,,
691,SAGA FALABELLA S.A.,,27,115579,02/05/2016,,
692,SAGA FALABELLA S.A.,,28,115580,23/05/2016,,
693,SAGA FALABELLA S.A.,,33,115706,25/05/2016,,
694,SAGA FALABELLA S.A.,,33,115581,23/05/2016,,
695,SAGA FALABELLA S.A.,,28,115582,23/05/2016,,
696,SAGA FALABELLA S.A.,,27,115707,25/05/2016,,
697,SAGA FALABELLA S.A.,,26,117488,24/07/2016,,
698,SAGA FALABELLA S.A.,,25,115583,23/05/2016,,
699,SAGA FALABELLA S.A.,,24,115708,25/05/2016,,
700,SAGA FALABELLA S.A.,,22,117489,24/07/2016,,
701,SAGA FALABELLA S.A.,,21,115584,23/05/2016,,
702,SAGA FALABELLA S.A.,,20,115585,23/05/2016,,
703,SAGA FALABELLA S.A.,,18,115586,23/05/2016,,
704,SAGA FALABELLA S.A.,,16,115587,23/05/2016,,
705,SAGA FALABELLA S.A.,,15,115588,23/05/2016,,
706,SAGA FALABELLA S.A.,,14,115709,25/05/2016,,
707,SAGA FALABELLA S.A.,,12,115710,25/05/2016,,
708,SAGA FALABELLA S.A.,,11,115589,23/05/2016,,
709,SAGA FALABELLA S.A.,,9,115590,23/05/2016,,
710,SAGA FALABELLA S.A.,,8,115591,23/05/2016,,
711,SAGA FALABELLA S.A.,,3,115592,23/05/2016,,
712,SAGA FALABELLA S.A.,MAGIC BODY BUILDING,28,180622,11/10/2021,,
713,SAGA FALABELLA S.A.,,28,180418,06/10/2021,,
714,SAGA FALABELLA S.A.,METAL SERIES,28,177351,08/07/2021,,
715,SAGA FALABELLA S.A.,,21,95028,17/02/2024,,
716,SAGA FALABELLA S.A.,,27,93138,13/11/2023,,
717,SAGA FALABELLA S.A.,,24,93137,13/11/2023,,
718,SAGA FALABELLA S.A.,,8,93136,13/11/2023,,
719,SAGA FALABELLA S.A.,,20,93135,13/11/2023,,
720,SAGA FALABELLA S.A.,,11,93134,13/11/2023,,
721,SAGA FALABELLA S.A.,,9,93133,13/11/2023,,
722,SAGA FALABELLA S.A.,,20,113438,15/03/2016,,
723,SAGA FALABELLA S.A.,,24,118027,07/08/2016,,
724,SAGA FALABELLA S.A.,,25,118462,28/06/2016,,
725,SAGA FALABELLA S.A.,,27,118298,15/08/2016,,
726,SAGA FALABELLA S.A.,,18,118461,28/06/2016,,
727,SAGA FALABELLA S.A.,,11,113069,03/03/2016,,
728,SAGA FALABELLA S.A.,,8,113068,03/03/2016,,
729,SAGA FALABELLA S.A.,,6,113067,03/03/2016,,
730,SAGA FALABELLA S.A.,,28,113071,03/03/2016,,
731,SAGA FALABELLA S.A.,,16,172247,11/11/2020,,
732,SAGA FALABELLA S.A.,,21,135771,28/02/2018,,
733,SAGA FALABELLA S.A.,,8,135772,28/02/2018,,
734,SAGA FALABELLA S.A.,,24,135566,28/02/2018,,
735,SAGA FALABELLA S.A.,,"21, 24",8610,01/08/2024,,
736,SAGA FALABELLA S.A.,,24,216981,16/10/2024,,
737,SAGA FALABELLA S.A.,MICROTECH,9,68250,29/09/2019,,
738,SAGA FALABELLA S.A.,MITE SKATEBOARDS,28,180527,07/10/2021,,
739,SAGA FALABELLA S.A.,MOUNTAIN GEAR,22,68411,28/12/2020,,
740,SAGA FALABELLA S.A.,MOUNTAIN GEAR,20,68401,27/12/2020,,
741,SAGA FALABELLA S.A.,MOUNTAIN GEAR,12,68402,27/12/2020,,
742,SAGA FALABELLA S.A.,MOUNTAIN GEAR,18,68412,28/12/2020,,
743,SAGA FALABELLA S.A.,MUNDO DIGITAL SAGA FALABELLA,9,135184,13/02/2018,,
744,SAGA FALABELLA S.A.,MUNDO DIGITAL SAGA FALABELLA,11,132040,31/10/2017,,
745,SAGA FALABELLA S.A.,NAVIDAD FELIZ PARA TODOS FALABELLA,35,68594,05/10/2021,,
746,SAGA FALABELLA S.A.,NEWPORT,25,96713,29/04/2024,,
747,SAGA FALABELLA S.A.,NEWPORT,"3, 14, 18",10096,02/03/2025,,
748,SAGA FALABELLA S.A.,,35,55837,13/04/2019,,
749,SAGA FALABELLA S.A.,OFERTAHORROS DECO FALABELLA,35,68595,05/10/2021,,
750,SAGA FALABELLA S.A.,ORIGEN,18,117841,03/08/2016,,
751,SAGA FALABELLA S.A.,ORIGEN,20,114830,05/05/2016,,
752,SAGA FALABELLA S.A.,ORIGEN,27,117842,03/08/2016,,
753,SAGA FALABELLA S.A.,,18,118319,14/08/2016,,
754,SAGA FALABELLA S.A.,,20,118320,14/08/2016,,
755,SAGA FALABELLA S.A.,,27,118321,14/08/2016,,
756,SAGA FALABELLA S.A.,,21,171744,04/10/2020,,
757,SAGA FALABELLA S.A.,,12,48404,31/08/2018,,
758,SAGA FALABELLA S.A.,,27,173257,24/02/2021,,
759,SAGA FALABELLA S.A.,,28,173383,01/03/2021,,
760,SAGA FALABELLA S.A.,,22,173767,07/03/2021,,
761,SAGA FALABELLA S.A.,,27,173257,24/02/2021,,
762,SAGA FALABELLA S.A.,,28,173383,01/03/2021,,
763,SAGA FALABELLA S.A.,,11,89816,30/06/2023,,
764,SAGA FALABELLA S.A.,,9,89815,30/06/2023,,
765,SAGA FALABELLA S.A.,,27,89847,30/06/2023,,
766,SAGA FALABELLA S.A.,,25,89846,30/06/2023,,
767,SAGA FALABELLA S.A.,,21,89845,30/06/2023,,
768,SAGA FALABELLA S.A.,,20,89844,30/06/2023,,
769,SAGA FALABELLA S.A.,PREMAMAN,25,78902,13/03/2022,,
770,SAGA FALABELLA S.A.,PRIME (DIGITAL) FALABELLA,35,70112,17/01/2022,,
771,SAGA FALABELLA S.A.,,42,55863,15/04/2019,,
772,SAGA FALABELLA S.A.,,41,55862,15/04/2019,,
773,SAGA FALABELLA S.A.,,35,55861,15/04/2019,,
774,SAGA FALABELLA S.A.,,25,150688,13/04/2019,,
775,SAGA FALABELLA S.A.,,38,55860,15/04/2019,,
776,SAGA FALABELLA S.A.,,9,151293,23/04/2019,,
777,SAGA FALABELLA S.A.,,16,150790,15/04/2019,,
778,SAGA FALABELLA S.A.,REBAJAS SOBRE REBAJAS FALABELLA,35,68784,21/10/2021,,
779,SAGA FALABELLA S.A.,RECO,9,65409,14/08/2020,,
780,SAGA FALABELLA S.A.,RECCO,7,126889,03/05/2017,,
781,SAGA FALABELLA S.A.,,"07, 09",9547,27/07/2024,,
782,SAGA FALABELLA S.A.,,"07, 09",105239,04/05/2025,,
783,SAGA FALABELLA S.A.,REMATE TOTAL SAGA FALABELLA,25,78228,07/02/2022,,
784,SAGA FALABELLA S.A.,,9,139955,24/06/2018,,
785,SAGA FALABELLA S.A.,,11,132558,14/11/2017,,
786,SAGA FALABELLA S.A.,SAGA FALABELLA,9,73348,24/07/2021,,
787,SAGA FALABELLA S.A.,,33,67735,21/11/2020,,
788,SAGA FALABELLA S.A.,,30,67736,21/11/2020,,
789,SAGA FALABELLA S.A.,,28,70902,17/04/2021,,
790,SAGA FALABELLA S.A.,,"16, 28",3825,17/04/2021,,
791,SAGA FALABELLA S.A.,,11,68115,30/11/2020,,
792,SAGA FALABELLA S.A.,,27,78799,11/03/2022,,
793,SAGA FALABELLA S.A.,,25,70903,17/04/2021,,
794,SAGA FALABELLA S.A.,,24,78800,11/03/2022,,
795,SAGA FALABELLA S.A.,,20,78801,11/03/2022,,
796,SAGA FALABELLA S.A.,,12,70906,17/04/2021,,
797,SAGA FALABELLA S.A.,,9,78802,12/03/2022,,
798,SAGA FALABELLA S.A.,,7,74171,20/08/2021,,
799,SAGA FALABELLA S.A.,,3,78803,11/03/2022,,
800,SAGA FALABELLA S.A.,,21,78535,22/02/2022,,
801,SAGA FALABELLA S.A.,,18,70904,17/04/2021,,
802,SAGA FALABELLA S.A.,,39,23714,21/11/2020,,
803,SAGA FALABELLA S.A.,,21,123073,20/11/2016,,
804,SAGA FALABELLA S.A.,,18,123074,20/11/2016,,
805,SAGA FALABELLA S.A.,,24,123075,20/11/2016,,
806,SAGA FALABELLA S.A.,,14,130434,01/08/2017,,
807,SAGA FALABELLA S.A.,,3,130433,01/08/2017,,
808,SAGA FALABELLA S.A.,,25,117779,02/06/2016,,
809,SAGA FALABELLA S.A.,,28,131351,01/08/2017,,
810,SAGA FALABELLA S.A.,,30,131352,01/08/2017,,
811,SAGA FALABELLA S.A.,,32,123078,30/11//2016,,
812,SAGA FALABELLA S.A.,,33,131353,01/08/2017,,
813,SAGA FALABELLA S.A.,,35,47672,01/08/2017,,
814,SAGA FALABELLA S.A.,,9,129388,31/07/2017,,
815,SAGA FALABELLA S.A.,,8,129389,31/07/2017,,
816,SAGA FALABELLA S.A.,,11,129390,31/07/2017,,
817,SAGA FALABELLA S.A.,,12,129391,31/07/2017,,
818,SAGA FALABELLA S.A.,,27,129392,31/07/2017,,
819,SAGA FALABELLA S.A.,,28,129393,31/07/2017,,
820,SAGA FALABELLA S.A.,,33,129394,31/07/2017,,
821,SAGA FALABELLA S.A.,,43,46884,31/07/2017,,
822,SAGA FALABELLA S.A.,,21,129395,31/07/2017,,
823,SAGA FALABELLA S.A.,,22,129396,31/07/2017,,
824,SAGA FALABELLA S.A.,,3,129387,31/07/2017,,
825,SAGA FALABELLA S.A.,,24,129397,31/07/2017,,
826,SAGA FALABELLA S.A.,,25,129398,31/07/2017,,
827,SAGA FALABELLA S.A.,,26,129399,31/07/2017,,
828,SAGA FALABELLA S.A.,,15,129400,31/07/2017,,
829,SAGA FALABELLA S.A.,,16,129401,31/07/2017,,
830,SAGA FALABELLA S.A.,,20,129402,31/07/2017,,
831,SAGA FALABELLA S.A.,,20,12867,27/01/2025,,
832,SAGA FALABELLA S.A.,,27,12866,27/01/2025,,
833,SAGA FALABELLA S.A.,,25,137642,24/04/2018,,
834,SAGA FALABELLA S.A.,SEMANA DE LA BELLEZA FALABELLA,35,68597,05/10/2021,,
835,SAGA FALABELLA S.A.,,35,55896,16/04/2019,,
836,SAGA FALABELLA S.A.,SYBILLA,3,62655,07/04/2020,,
837,SAGA FALABELLA S.A.,,18,129601,03/08/2017,,
838,SAGA FALABELLA S.A.,,3,129600,31/08/2017,,
839,SAGA FALABELLA S.A.,,25,133491,12/12/2017,,
840,SAGA FALABELLA S.A.,,25,116742,28/06/2016,,
841,SAGA FALABELLA S.A.,,3,116024,06/06/2016,,
842,SAGA FALABELLA S.A.,,18,116025,06/06/2016,,
843,SAGA FALABELLA S.A.,TREND BY SYBILLA,18,116623,26/06/2016,,
844,SAGA FALABELLA S.A.,TROPIBURGER,43,27381,24/08/2021,,
845,SAGA FALABELLA S.A.,UOMO PIU,25,107702,04/08/2015,,
846,SAGA FALABELLA S.A.,,25,140229,05/06/2018,,
847,SAGA FALABELLA S.A.,,25,125381,08/03/2017,,
848,SAGA FALABELLA S.A.,UNIVERSITY CLUB,"3, 14",588948-2014,,,
849,SAGA FALABELLA S.A.,UNIVERSITY CLUB,18,588948A-2014,,,
850,SAGA FALABELLA S.A.,VENTA FINAL FALABELLA,35,68600,05/10/2021,,
851,SAGA FALABELLA S.A.,VIAJES SAGA FALABELLA,25,68218,30/11/2020,,
852,SAGA FALABELLA S.A.,,35,23713,21/11/2020,,
853,SAGA FALABELLA S.A.,,18,126387,18/04/2017,,
854,SAGA FALABELLA S.A.,,24,116737,28/06/2016,,
855,SAGA FALABELLA S.A.,,25,116738,28/06/2016,,
856,SAGA FALABELLA S.A.,,25,146764,31/12/2018,,
857,SAGA FALABELLA S.A.,YAMP BY SAGA,25,50086,04/11/2018,,
858,SAGA FALABELLA S.A.,YAMP,"03, 14, 20",9970,12/02/2025,,
859,SAGA FALABELLA S.A.,,25,108186,05/07/2015,,
860,SAGA FALABELLA S.A.,,25,152995,26/05/2019,,
861,SAGA FALABELLA S.A.,,25,152200,13/05/2019,,
862,SAGA FALABELLA S.A.,,25,104949,26/04/2015,,
863,SAGA FALABELLA S.A.,,8,121571,16/11/2016,,
864,SAGA FALABELLA S.A.,,11,121572,16/11/2016,,
865,SAGA FALABELLA S.A.,,7,121749,22/11/2016,,
866,SAGA FALABELLA S.A.,,9,121798,23/11/2016,,
867,SAGA FALABELLA S.A.,,25,123834,25/01/2017,,
868,SAGA FALABELLA S.A.,TORKE,12,96278,15/04/2014,,Transferida
869,SAGA FALABELLA S.A.,,3,687,23/02/2020,,
870,SAGA FALABELLA S.A.,,10,687,23/02/2020,,
871,SAGA FALABELLA S.A.,,12,687,23/02/2020,,
872,SAGA FALABELLA S.A.,,16,687,23/02/2020,,
873,SAGA FALABELLA S.A.,,18,687,23/02/2020,,
874,SAGA FALABELLA S.A.,,24,687,23/02/2020,,
875,SAGA FALABELLA S.A.,,25,687,23/02/2020,,
876,SAGA FALABELLA S.A.,,28,687,23/02/2020,,
877,SAGA FALABELLA S.A.,,18,745,04/03/2020,,
878,SAGA FALABELLA S.A.,,24,745,04/03/2020,,
879,SAGA FALABELLA S.A.,,25,745,04/03/2020,,
880,SAGA FALABELLA S.A.,ZAPATILLAS DE CULTO FALABELLA,35,68596,24/06/2021,,
881,SAGA FALABELLA S.A.,,25,182867,19/12/2021,,
882,SAGA FALABELLA S.A.,ORIGEN,24,181351,25/05/2021,,
883,SAGA FALABELLA S.A.,ORIGEN,21,156996,18/06/2019,,
884,SAGA FALABELLA S.A.,,24,207112,13/12/2023,,
885,SAGA FALABELLA S.A.,,25,177028,24/06/2021,,
886,SAGA FALABELLA S.A.,,28,176974,24/06/2021,,
887,SAGA FALABELLA S.A.,DIAS F FALABELLA,35,70433,21/02/2022,,
888,SAGA FALABELLA S.A.,,25,188224,29/05/2022,,
889,SAGA FALABELLA S.A.,,43,5284,05/04/2022,,
890,SAGA FALABELLA S.A.,,44,5284,05/04/2022,,
891,SAGA FALABELLA S.A.,,35,6171,10/06/2023,,
892,SAGA FALABELLA S.A.,,37,6171,10/06/2023,,
893,SAGA FALABELLA S.A.,,9,203001,19/09/2023,,
894,SAGA FALABELLA S.A.,,12,3393,03/11/2021,,
895,SAGA FALABELLA S.A.,,28,3393,03/11/2021,,
896,SAGA FALABELLA S.A.,,25,18837,04/05/2022,,
897,SAGA FALABELLA S.A.,MOUNTAIN GEAR,21,210581,05/05/2024,,
898,SAGA FALABELLA S.A.,,25,208903,21/03/2024,,
899,SAGA FALABELLA S.A.,SURFLEX,14 y 25,9486,10/10/2024,,
900,SAGA FALABELLA S.A.,SAGA FALABELLA,3,202327,05/09/2023,,
901,SAGA FALABELLA S.A.,125 AÑOS CONTIGO PARA SIEMPRE FALABELLA,"16, 35, 36, 41",10236,23/03/2025,,
902,SAGA FALABELLA S.A.,SYBMOJI,"16, 18, 25, 42",10544,08/05/2025,,
903,SAGA FALABELLA S.A.,FALAMOJI,"16, 18, 25, 42",10545,08/05/2025,,
904,SAGA FALABELLA S.A.,,"7, 8, 14, 18, 20, 21, 24, 26, 27, 28",10152,09/03/2025,,
905,SAGA FALABELLA S.A.,PARTY ANIMALS,"9, 28",10336,08/04/2025,,
906,SAGA FALABELLA S.A.,UNIVERSITY CLUB,"3, 14",588948-2014,,,
907,SAGA FALABELLA S.A.,UNIVERSITY CLUB,18,588948A-2014,,,
908,SAGA FALABELLA S.A.,MCA,24,219604,30/12/2024,,
909,SAGA FALABELLA S.A.,NUTRISHAKE,7,217291,31/10/2024,,
910,SAGA FALABELLA S.A.,APOLOGY,"03, 14, 18",9972,12/02/2025,,
911,SAGA FALABELLA S.A.,NEWBOAT,3,588957-2014,,En trámite,
912,SAGA FALABELLA S.A.,HOLLEY,"14, 18, 25",588951-2014,,En trámite,Por emitir certificado
913,SAGA FALABELLA S.A.,,"04, 08, 09, 11, 16, 20, 21, 24, 25, 26, 27, 28",11503,28/11/2014,,
914,SAGA FALABELLA S.A.,SAGA FALABELLA,16,228932,01/09/2025,,
915,SAGA FALABELLA S.A.,,"3, 14, 16, 18, 25, 35, 38",638969-2015,,En trámite,
916,SAGA FALABELLA S.A.,,35,651896-2016,,En trámite,
917,SAGA FALABELLA S.A.,,35,651897-2016,,En trámite,
918,SAGA FALABELLA S.A.,,25,5309,15/01/2024,,LICENCIA EXCLUSIVA
919,SAGA FALABELLA S.A.,,14,5308,14/01/2024,,LICENCIA EXCLUSIVA
920,SAGA FALABELLA S.A.,,25,197361,28/03/2022,,LICENCIA EXCLUSIVA
921,SAGA FALABELLA S.A.,,18,203107,23/09/2023,,LICENCIA EXCLUSIVA
