ID,CODCLI,NOMCLI,DESLOGO,MOTIVO,MARCA,CLASE,CERTIFICADO,VENCIMIENTO,VIGENCIA,OBSERVACIONES,EXPEDIENTE,ESTADO,ARCHIVO
1,TOTTUS,Hipermercados Tottus  S.A.,,,360°,25,91130,22.08.2023 ,22.08.2023 ,,,,
2,TOTTUS,Hipermercados Tottus  S.A.,,,DULCE VIÑEDO,33,108810,14.09.2025,14.09.2025,,,,
3,TOTTUS,Hipermercados Tottus  S.A.,,,360º ADVENTURE,25,114959,31.03.2026,31.03.2026,,,,
4,TOTTUS,Hipermercados Tottus  S.A.,,,360º ADVENTURE,11,107755,05.08.2025,05.08.2025,,,,
5,TOTTUS,Hipermercados Tottus  S.A.,,,360º ADVENTURE,18,107854,09.08.2025,09.08.2025,,,,
6,TOTTUS,Hipermercados Tottus  S.A.,,,360º ADVENTURE,22,107756,05.08.2025,05.08.2025,,,,
7,TOTTUS,Hipermercados Tottus  S.A.,,,BABY CAT,25,107852,09.08.2025,09.08.2025,,,,
8,TOTTUS,Hipermercados Tottus  S.A.,,,BABY CAT,28,107853,09.08.2025,09.08.2025,,,,
9,TOTTUS,Hipermercados Tottus  S.A.,,,x,3,240792,29.08.2026,29.08.2026,,,,240792.JPG
10,TOTTUS,Hipermercados Tottus  S.A.,,,x,3,240793,29.08.2026,29.08.2026,,,,240793.JPG
11,TOTTUS,Hipermercados Tottus  S.A.,,,x,3,240794,29.08.2026,29.08.2026,,,,240794.JPG
12,TOTTUS,Hipermercados Tottus  S.A.,,,x,3,240774,26.08.2026,26.08.2026,,,,240774.JPG
13,TOTTUS,Hipermercados Tottus  S.A.,,,x,3,240774,29.08.2026,29.08.2026,,,,240774.JPG
14,TOTTUS,Hipermercados Tottus  S.A.,,,x,3,108523,1.09.2025,1.09.2025,,,,108523.JPG
15,TOTTUS,Hipermercados Tottus  S.A.,,,x,16,108525,1.09.2025,1.09.2025,,,,108525.JPG
16,TOTTUS,Hipermercados Tottus  S.A.,,,x,21,108526,1.09.2025,1.09.2025,,,,108526.JPG
17,TOTTUS,Hipermercados Tottus  S.A.,,,x,29,108524,1.09.2025,1.09.2025,,,,108524.JPG
18,TOTTUS,Hipermercados Tottus  S.A.,,,x,30,108527,1.09.2025,1.09.2025,,,,108527.JPG
19,TOTTUS,Hipermercados Tottus  S.A.,,,360º BIKES,12,121465,10.10.2016,10.10.2016,Vencida,,,Sin imagen
20,TOTTUS,Hipermercados Tottus  S.A.,,,360º REFLEX,25,114958,31.03.2026,31.03.2026,,,,Sin imagen
21,TOTTUS,Hipermercados Tottus  S.A.,,,x,21,123091,22.11.2016,22.11.2016,Por renovar,,,123091.JPG
22,TOTTUS,Hipermercados Tottus  S.A.,,,x,22,123090,22.11.2016,22.11.2016,Por renovar,,,123090.JPG
23,TOTTUS,Hipermercados Tottus  S.A.,,,x,11,123094,22.11.2016,22.11.2016,Por renovar,,,123094.JPG
24,TOTTUS,Hipermercados Tottus  S.A.,,,x,19,123092,22.11.2016,22.11.2016,Por renovar,,,123092.JPG
25,TOTTUS,Hipermercados Tottus  S.A.,,,x,17,123093,22.11.2016,22.11.2016,Por renovar,,,123093.JPG
26,TOTTUS,Hipermercados Tottus  S.A.,,,x,8,123095,22.11.2016,22.11.2016,Por renovar,,,123095.JPG
27,TOTTUS,Hipermercados Tottus  S.A.,,,x,5,123097,22.11.2016,22.11.2016,Por renovar,,,123097.JPG
28,TOTTUS,Hipermercados Tottus  S.A.,,,x,6,123096,22.11.2016,22.11.2016,Por renovar,,,123096.JPG
29,TOTTUS,Hipermercados Tottus  S.A.,,,x,34,123089,22.11.2016,22.11.2016,Por renovar,,,123089.JPG
30,TOTTUS,Hipermercados Tottus  S.A.,,,x,4,123088,22.11.2016,22.11.2016,Por renovar,,,123088.JPG
31,TOTTUS,Hipermercados Tottus  S.A.,,,x,2,123087,22.11.2016,22.11.2016,Por renovar,,,123087.JPG
32,TOTTUS,Hipermercados Tottus  S.A.,,,x,3,128568,27.06.2017,27.06.2017,Por renovar,,,128568.JPG
33,TOTTUS,Hipermercados Tottus  S.A.,,,x,29,116730,28.06.2016,28.06.2016,Vencida,,,116730.JPG
34,TOTTUS,Hipermercados Tottus  S.A.,,,x,30,116580,26.06.2016,26.06.2016,Vencida,,,116580.JPG
35,TOTTUS,Hipermercados Tottus  S.A.,,,x,2,126966,07.05.2017,07.05.2017,Por renovar,,,126966.JPG
36,TOTTUS,Hipermercados Tottus  S.A.,,,x,3,127195,14.05.2017,14.05.2017,Por renovar,,,127195.JPG
37,TOTTUS,Hipermercados Tottus  S.A.,,,x,8,126970,07.05.2017,07.05.2017,Por renovar,,,126970.JPG
38,TOTTUS,Hipermercados Tottus  S.A.,,,x,6,126969,07.05.2017,07.05.2017,Por renovar,,,126969.JPG
39,TOTTUS,Hipermercados Tottus  S.A.,,,x,5,126968,07.05.2017,07.05.2017,Por renovar,,,126968.JPG
40,TOTTUS,Hipermercados Tottus  S.A.,,,x,4,126967,07.05.2017,07.05.2017,Por renovar,,,126967.JPG
41,TOTTUS,Hipermercados Tottus  S.A.,,,x,14,126972,07.05.2017,07.05.2017,Por renovar,,,126972.JPG
42,TOTTUS,Hipermercados Tottus  S.A.,,,x,12,127110,10.05.2017,10.05.2017,Por renovar,,,127110.JPG
43,TOTTUS,Hipermercados Tottus  S.A.,,,x,11,126971,07.05.2017,07.05.2017,Por renovar,,,126971.JPG
44,TOTTUS,Hipermercados Tottus  S.A.,,,x,9,127196,14.05.2017,14.05.2017,Por renovar,,,127196.JPG
45,TOTTUS,Hipermercados Tottus  S.A.,,,x,18,126975,07.05.2017,07.05.2017,Por renovar,,,126975.JPG
46,TOTTUS,Hipermercados Tottus  S.A.,,,x,17,126974,07.05.2017,07.05.2017,Por renovar,,,126974.JPG
47,TOTTUS,Hipermercados Tottus  S.A.,,,x,16,126973,07.05.2017,07.05.2017,Por renovar,,,126973.JPG
48,TOTTUS,Hipermercados Tottus  S.A.,,,x,25,127198,14.05.2017,14.05.2017,Por renovar,,,127198.JPG
49,TOTTUS,Hipermercados Tottus  S.A.,,,x,24,127197,14.05.2017,14.05.2017,Por renovar,,,127197.JPG
50,TOTTUS,Hipermercados Tottus  S.A.,,,x,22,126979,07.05.2017,07.05.2017,Por renovar,,,126979.JPG
51,TOTTUS,Hipermercados Tottus  S.A.,,,x,21,126978,07.05.2017,07.05.2017,Por renovar,,,126978.JPG
52,TOTTUS,Hipermercados Tottus  S.A.,,,x,20,126977,07.05.2017,07.05.2017,Por renovar,,,126977.JPG
53,TOTTUS,Hipermercados Tottus  S.A.,,,x,19,126976,07.05.2017,07.05.2017,Por renovar,,,126976.JPG
54,TOTTUS,Hipermercados Tottus  S.A.,,,x,30,127112,10.05.2017,10.05.2017,Por renovar,,,127112.JPG
55,TOTTUS,Hipermercados Tottus  S.A.,,,x,29,127111,11.05.2017,11.05.2017,Por renovar,,,127111.JPG
56,TOTTUS,Hipermercados Tottus  S.A.,,,x,28,126980,04.05.2017,04.05.2017,Por renovar,,,126980.JPG
57,TOTTUS,Hipermercados Tottus  S.A.,,,x,27,127200,14.05.2017,14.05.2017,Por renovar,,,127200.JPG
58,TOTTUS,Hipermercados Tottus  S.A.,,,x,26,127199,14.05.2017,14.05.2017,Por renovar,,,127199.JPG
59,TOTTUS,Hipermercados Tottus  S.A.,,,x,43,46087,07.05.2017,07.05.2017,Por renovar,,,46087.JPG
60,TOTTUS,Hipermercados Tottus  S.A.,,,x,39,46086,07.05.2017,07.05.2017,Por renovar,,,46086.JPG
61,TOTTUS,Hipermercados Tottus  S.A.,,,x,38,46085,07.05.2017,07.05.2017,Por renovar,,,46085.JPG
62,TOTTUS,Hipermercados Tottus  S.A.,,,x,36,46084,07.05.2017,07.05.2017,Por renovar,,,46084.JPG
63,TOTTUS,Hipermercados Tottus  S.A.,,,x,35,46083,07.05.2017,07.05.2017,Por renovar,,,46083.JPG
64,TOTTUS,Hipermercados Tottus  S.A.,,,x,34,126981,07.05.2017,07.05.2017,Por renovar,,,126981.JPG
65,TOTTUS,Hipermercados Tottus  S.A.,,,x,33,127115,10.05.2017,10.05.2017,Por renovar,,,127115.JPG
66,TOTTUS,Hipermercados Tottus  S.A.,,,x,32,127114,10.05.2017,10.05.2017,Por renovar,,,127114.JPG
67,TOTTUS,Hipermercados Tottus  S.A.,,,x,31,127113,10.05.2017,10.05.2017,Por renovar,,,127113.JPG
68,TOTTUS,Hipermercados Tottus  S.A.,,,x,29,152814,22.05.2019,22.05.2019,,,,152814.JPG
69,TOTTUS,Hipermercados Tottus  S.A.,,,x,30,152815,22.05.2019,22.05.2019,,,,152815.JPG
70,TOTTUS,Hipermercados Tottus  S.A.,,,x,31,152816,22.05.2019,22.05.2019,,,,152816.JPG
71,TOTTUS,Hipermercados Tottus  S.A.,,,x,32,152817,22.05.2019,22.05.2019,,,,152817.JPG
72,TOTTUS,Hipermercados Tottus  S.A.,,,x,33,152818,22.05.2019,22.05.2019,,,,152818.JPG
73,TOTTUS,Hipermercados Tottus  S.A.,,,x,29,152819,22.05.2019,22.05.2019,,,,152819.JPG
74,TOTTUS,Hipermercados Tottus  S.A.,,,x,30,154554,30.06.2019,30.06.2019,,,,154554.JPG
75,TOTTUS,Hipermercados Tottus  S.A.,,,x,31,152820,22.05.2019,22.05.2019,,,,152820.JPG
76,TOTTUS,Hipermercados Tottus  S.A.,,,x,32,152821,22.05.2019,22.05.2019,,,,152821.JPG
77,TOTTUS,Hipermercados Tottus  S.A.,,,x,33,152822,22.05.2019,22.05.2019,,,,152822.JPG
78,TOTTUS,Hipermercados Tottus  S.A.,,,x,"29, 30, 31, 32 , 33",72,14.07.2019,14.07.2019,,,,72.JPG
79,TOTTUS,Hipermercados Tottus  S.A.,,,x,30,167158,18.08.2020,18.08.2020,,,,167158.JPG
80,TOTTUS,Hipermercados Tottus  S.A.,,,x,32,162434,22.03.2020,22.03.2020,,,,162434.JPG
81,TOTTUS,Hipermercados Tottus  S.A.,,,x,"16,29 , 30",1180,06.07.2020,06.07.2020,,,,1180.JPG
82,TOTTUS,Hipermercados Tottus  S.A.,,,x,5,188366,05.06.2022,05.06.2022,,,,188366.JPG
83,TOTTUS,Hipermercados Tottus  S.A.,,,SUEÑOS DE BEBÉ,21,166070,16.07.2020,16.07.2020,,,,Sin imagen
84,TOTTUS,Hipermercados Tottus  S.A.,,,SUEÑOS DE BEBÉ,3,166069,16.07.2020,16.07.2020,,,,Sin imagen
85,TOTTUS,Hipermercados Tottus  S.A.,,,SUEÑOS DE BEBÉ,5,165801,09.07.2020,09.07.2020,,,,Sin imagen
86,TOTTUS,Hipermercados Tottus  S.A.,,,x,30,166824,11.08.2020,11.08.2020,,,,166824.JPG
87,TOTTUS,Hipermercados Tottus  S.A.,,,x,30,183146,28.12.2021,28.12.2021,,,,183146.JPG
88,TOTTUS,Hipermercados Tottus  S.A.,,,LA PANADERIA TOTTUS,30,182440,09.12.2021,09.12.2021,,,,Sin imagen
89,TOTTUS,Hipermercados Tottus  S.A.,,,AUTODELI,31,174217,22.03.2021,22.03.2021,,,,Sin imagen
90,TOTTUS,Hipermercados Tottus  S.A.,,,AUTODELI,30,174634,05.04.2021,05.04.2021,,,,Sin imagen
91,TOTTUS,Hipermercados Tottus  S.A.,,,x,31,186206,17.02.2022,17.02.2022,,,,186206.JPG
92,TOTTUS,Hipermercados Tottus  S.A.,,,x,32,190021,26.07.2022,26.07.2022,,,,190021.JPG
93,TOTTUS,Hipermercados Tottus  S.A.,,,x,32,187482,04.05.2022,04.05.2022,,,,187482.JPG
94,TOTTUS,Hipermercados Tottus  S.A.,,,x,3,189691,16.07.2022,16.07.2022,,,,189691.JPG
95,TOTTUS,Hipermercados Tottus  S.A.,,,HAPPY HOUR,"32, 33 , 35",4602,09.07.2022,09.07.2022,,,,Sin imagen
96,TOTTUS,Hipermercados Tottus  S.A.,,,EL MAÑANERO,"29 , 31",4601,09.07.2022,09.07.2022,,,,Sin imagen
97,TOTTUS,Hipermercados Tottus  S.A.,,,x,"29, 30, 31, 32, 33, 35",4371,30.05.2022,30.05.2022,,,,4371.JPG
98,TOTTUS,Hipermercados Tottus  S.A.,,,x,3,189824,20.07.2022,20.07.2022,,,,189824.JPG
99,TOTTUS,Hipermercados Tottus  S.A.,,,x,"02, 04, 05, 06, 08, 09, 11, 12, 14, 16, 17, 18, 19, 20, 21, 22, 24, 25, 26, 27, 28, 29, 30, 31, 32, 33, 34, 35, 36, 38, 39, 42, 43",5763,19.03.2023,19.03.2023,,,,5763.JPG
100,TOTTUS,Hipermercados Tottus  S.A.,,,x,"05, 29, 30, 32",5889,11.04.2023,11.04.2023,,,,5889.JPG
101,TOTTUS,Hipermercados Tottus  S.A.,,,x,"03, 16",6329,11.07.2023,11.07.2023,,,,6329.JPG
102,TOTTUS,Hipermercados Tottus  S.A.,,,x,"05, 29, 30, 32",6352,19.07.2023,19.07.2023,,,,6352.JPG
103,TOTTUS,Hipermercados Tottus  S.A.,,,x,"05, 29, 30, 32",6353,19.07.2023,19.07.2023,,,,6353.JPG
104,TOTTUS,Hipermercados Tottus  S.A.,,,NUTACREAM TOTTUS,30,201271,07.08.2023,07.08.2023,,,,Sin imagen
105,TOTTUS,Hipermercados Tottus  S.A.,,,x,"05, 29, 30, 31, 32, 33",6560,02.09.2023,02.09.2023,,,,6560.JPG
106,TOTTUS,Hipermercados Tottus  S.A.,,,x,43,78550,27.09.2023,27.09.2023,,,,78550.JPG
107,TOTTUS,Hipermercados Tottus  S.A.,,,x,"02, 03, 04, 06, 08, 09, 11, 12, 14, 16, 17, 18, 19, 20, 21, 22, 24, 25, 26, 27, 28, 29, 30, 31, 32, 33, 34, 35, 36, 38, 39, 43",8826,01.09.2024,01.09.2024,,,,8826.JPG
108,TOTTUS,Hipermercados Tottus  S.A.,,,x,29,226984,09.07.2025,09.07.2025,,,,226984.JPG
109,TOTTUS,Hipermercados Tottus  S.A.,,,x,"11, 20, 24, 25, 27",11137,03.07.2025,03.07.2025,,,,11137.JPG
110,TOTTUS,Hipermercados Tottus  S.A.,,,"TOTTUS, QUE RICO ES CRECER SANO","16, 29, 30, 35",10561,13.05.2025,13.05.2025,,,,Sin imagen
111,TOTTUS,Hipermercados Tottus  S.A.,,,x,"07,08,09,11",11391,14.10.2024,14.10.2024,,,,11391.JPG
112,TOTTUS,Hipermercados Tottus  S.A.,,,TORKE,6,209688,15.04.2024,15.04.2024,,,,Sin imagen
113,TOTTUS,Hipermercados Tottus  S.A.,,,TORKE,12,96278,15.04.2024,15.04.2024,Transferida por Saga Falabella,,,Sin imagen
114,TOTTUS,Hipermercados Tottus  S.A.,,,x,"02, 03, 04, 05, 06, 09, 11, 14, 16, 19, 20, 21, 22, 24, 26, 27, 29, 30, 31, 32, 33, 34, 35, 38, 39, 43",590290,12.06.2025,12.06.2025,Pendiente de emisión (Exp. 590290-2014),,,590290.JPG
115,TOTTUS,Hipermercados Tottus  S.A.,,,x,25,239924,12.06.2025,12.06.2025,,,,239924.JPG
116,TOTTUS,Hipermercados Tottus  S.A.,,,x,42,590290,12.06.2025,12.06.2025,Pendiente de emisión (Exp.590290-2014),,,590290.JPG
117,TOTTUS,Hipermercados Tottus  S.A.,,,x,"3, 5, 16, 21, 29, 30",9480,05.07.2023,05.07.2023,,,,9480.JPG
118,TOTTUS,Hipermercados Tottus  S.A.,,,x,"02, 04, 06, 09, 11, 14, 19, 20, 22, 24, 26, 27, 31, 32, 33, 34, 35, 38, 39, 43",580740,18.03.2025,18.03.2025,Pendiente de emisión (Exp. 580740-2014),,,580740.JPG
120,TOTTUS,Hipermercados Tottus  S.A.,,,x,"02, 04, 06, 09, 11, 14, 19, 20, 22, 24, 26, 27, 31, 32, 33, 34, 35, 38, 39, 43",580739,18.03.2025,18.03.2025,Pendiente de emisión (Exp. 580739-2014),,,580739.JPG
121,TOTTUS,Hipermercados Tottus  S.A.,,,x,"02, 03, 04, 05, 06, 09, 11, 14, 16, 19, 20, 21, 22, 24, 26, 27, 29, 30, 31, 32, 33, 34, 35, 38, 39, 43",579715,10.03.2025,10.03.2025,Pendiente de emisión (Exp. 579715-2014),,,579715.JPG
122,TOTTUS,Hipermercados Tottus  S.A.,,,x,"02, 03, 04, 05, 06, 09, 11, 14, 19, 20, 21, 22, 24, 26, 27, 31, 32, 33, 34, 35, 38, 39, 43",580741,18.03.2025,18.03.2025,Pendiente de emisión (Exp. 580741-2014),,,580741.JPG
123,TOTTUS,Hipermercados Tottus  S.A.,,,x,"02, 03, 04, 05, 06, 09, 11, 14, 16, 19, 20, 21, 22, 24, 26, 27, 29, 30, 31, 32, 33, 34, 35, 38, 39, 43",590291,12.06.2025,12.06.2025,Pendiente de emisión (Exp. 590291-2014) ,,,590291.JPG
124,TOTTUS,Hipermercados Tottus  S.A.,,,x,25,239932,12.06.2025,12.06.2025,Pendiente de emisión (Exp. 590292-2014,,,239932.JPG
125,TOTTUS,Hipermercados Tottus  S.A.,,,x,"02, 03, 04, 05, 06, 09, 11, 14, 16, 19, 20, 21, 22, 24, 26, 27, 29, 30, 31, 32, 33, 34, 35, 38, 39, 43",590292,12.06.2025,12.06.2025,Pendiente de emisión (Exp. 590292-2014),,,590292.JPG
126,TOTTUS,Hipermercados Tottus  S.A.,,,x,25,239933,12.06.2025,12.06.2025,,,,239933.JPG
127,TOTTUS,Hipermercados Tottus  S.A.,,,x,42,590292,12.06.2025,12.06.2025,Pendiente de emisión (Exp. 590292-2014),,,590292.JPG
128,TOTTUS,Hipermercados Tottus  S.A.,,,x,"20,22,26,27",9668,14.11.2024,14.11.2024,,,,9668.JPG
129,TOTTUS,Hipermercados Tottus  S.A.,,,TOTTUS CALIDAD Y BUENOS PRECIOS JUNTOS,35,91425,03.12.2025,03.12.2025,,,,Sin imagen
130,TOTTUS,Hipermercados Tottus  S.A.,,,x,2,114882,05.05.2016,05.05.2016,Vencida,,,114882.JPG
131,TOTTUS,Hipermercados Tottus  S.A.,,,x,4,114883,05.05.2016,05.05.2016,Vencida,,,114883.JPG
132,TOTTUS,Hipermercados Tottus  S.A.,,,x,5,114884,05.05.2016,05.05.2016,Vencida,,,114884.JPG
133,TOTTUS,Hipermercados Tottus  S.A.,,,x,6,114885,05.05.2016,05.05.2016,Vencida,,,114885.JPG
134,TOTTUS,Hipermercados Tottus  S.A.,,,x,8,114972,05.05.2016,05.05.2016,Vencida,,,114972.JPG
135,TOTTUS,Hipermercados Tottus  S.A.,,,x,11,114973,05.05.2016,05.05.2016,Vencida,,,114973.JPG
136,TOTTUS,Hipermercados Tottus  S.A.,,,x,14,114974,05.05.2016,05.05.2016,Vencida,,,114974.JPG
137,TOTTUS,Hipermercados Tottus  S.A.,,,x,15,114975,05.05.2016,05.05.2016,Vencida,,,114975.JPG
138,TOTTUS,Hipermercados Tottus  S.A.,,,x,17,114976,05.05.2016,05.05.2016,Vencida,,,114976.JPG
139,TOTTUS,Hipermercados Tottus  S.A.,,,x,18,114977,05.05.2016,05.05.2016,Vencida,,,114977.JPG
140,TOTTUS,Hipermercados Tottus  S.A.,,,x,19,114978,05.05.2016,05.05.2016,Vencida,,,114978.JPG
141,TOTTUS,Hipermercados Tottus  S.A.,,,x,20,114979,05.05.2016,05.05.2016,Vencida,,,114979.JPG
142,TOTTUS,Hipermercados Tottus  S.A.,,,x,21,115730,05.05.2016,05.05.2016,Vencida,,,115730.JPG
143,TOTTUS,Hipermercados Tottus  S.A.,,,x,24,114980,05.05.2016,05.05.2016,Vencida,,,114980.JPG
144,TOTTUS,Hipermercados Tottus  S.A.,,,x,22,114981,05.05.2016,05.05.2016,Vencida,,,114981.JPG
145,TOTTUS,Hipermercados Tottus  S.A.,,,x,26,114982,05.05.2016,05.05.2016,Vencida,,,114982.JPG
146,TOTTUS,Hipermercados Tottus  S.A.,,,x,27,114983,05.05.2016,05.05.2016,Vencida,,,114983.JPG
147,TOTTUS,Hipermercados Tottus  S.A.,,,x,34,114984,05.05.2016,05.05.2016,Vencida,,,114984.JPG
148,TOTTUS,Hipermercados Tottus  S.A.,,,x,36,41658,05.05.2016,05.05.2016,Vencida,,,41658.JPG
149,TOTTUS,Hipermercados Tottus  S.A.,,,x,39,46159,05.05.2016,05.05.2016,Vencida,,,46159.JPG
150,TOTTUS,Hipermercados Tottus  S.A.,,,x,43,41660,05.05.2016,05.05.2016,Vencida,,,41660.JPG
151,TOTTUS,Hipermercados Tottus  S.A.,,,x,16,147567,26.10.2016,26.10.2016,Por renovar,,,147567.JPG
152,SAGA,Saga Falabella S.A.,,,x,18,99682,02.08.2024,02.08.2024,,,,99682.JPG
153,SAGA,Saga Falabella S.A.,,,ALL BASICS,25,91219,26.08.2023,26.08.2023,,,,Sin imagen
154,SAGA,Saga Falabella S.A.,,,SUPERMERCADOS TOTTUS,22,84113,21.10.2022,21.10.2022,,,,Sin imagen
155,SAGA,Saga Falabella S.A.,,,SUPERMERCADOS TOTTUS,24,84112,21.10.2022,21.10.2022,,,,Sin imagen
156,SAGA,Saga Falabella S.A.,,,SUPERMERCADOS TOTTUS,25,98765,23.06.2024,23.06.2024,,,,Sin imagen
157,SAGA,Saga Falabella S.A.,,,SUPERMERCADOS TOTTUS,26,84111,21.10.2022,21.10.2022,,,,Sin imagen
158,SAGA,Saga Falabella S.A.,,,SUPERMERCADOS TOTTUS,27,84110,21.10.2022,21.10.2022,,,,Sin imagen
159,SAGA,Saga Falabella S.A.,,,SUPERMERCADOS TOTTUS,28,84192,23.10.2022,23.10.2022,,,,Sin imagen
160,SAGA,Saga Falabella S.A.,,,SUPERMERCADOS TOTTUS,29,84109,21.10.2022,21.10.2022,,,,Sin imagen
161,SAGA,Saga Falabella S.A.,,,SUPERMERCADOS TOTTUS,30,84108,21.10.2022,21.10.2022,,,,Sin imagen
162,SAGA,Saga Falabella S.A.,,,SUPERMERCADOS TOTTUS,31,84107,21.10.2022,21.10.2022,,,,Sin imagen
163,SAGA,Saga Falabella S.A.,,,SUPERMERCADOS TOTTUS,32,84106,21.10.2022,21.10.2022,,,,Sin imagen
164,SAGA,Saga Falabella S.A.,,,SUPERMERCADOS TOTTUS,33,84105,21.10.2022,21.10.2022,,,,Sin imagen
165,SAGA,Saga Falabella S.A.,,,SUPERMERCADOS TOTTUS,34,84104,21.10.2022,21.10.2022,,,,Sin imagen
166,SAGA,Saga Falabella S.A.,,,SUPERMERCADOS TOTTUS,5,84123,21.10.2022,21.10.2022,,,,Sin imagen
167,SAGA,Saga Falabella S.A.,,,SUPERMERCADOS TOTTUS,6,84122,21.10.2022,21.10.2022,,,,Sin imagen
168,SAGA,Saga Falabella S.A.,,,SUPERMERCADOS TOTTUS,8,84121,21.10.2022,21.10.2022,,,,Sin imagen
169,SAGA,Saga Falabella S.A.,,,SUPERMERCADOS TOTTUS,9,84758,13.11.2022,13.11.2022,,,,Sin imagen
170,SAGA,Saga Falabella S.A.,,,SUPERMERCADOS TOTTUS,11,84120,21.10.2022,21.10.2022,,,,Sin imagen
171,SAGA,Saga Falabella S.A.,,,SUPERMERCADOS TOTTUS,14,84119,21.10.2022,21.10.2022,,,,Sin imagen
172,SAGA,Saga Falabella S.A.,,,SUPERMERCADOS TOTTUS,16,84118,21.10.2022,21.10.2022,,,,Sin imagen
173,SAGA,Saga Falabella S.A.,,,SUPERMERCADOS TOTTUS,17,84117,21.10.2022,21.10.2022,,,,Sin imagen
174,SAGA,Saga Falabella S.A.,,,SUPERMERCADOS TOTTUS,18,98766,23.06.2024,23.06.2024,,,,Sin imagen
175,SAGA,Saga Falabella S.A.,,,SUPERMERCADOS TOTTUS,19,84116,21.10.2022,21.10.2022,,,,Sin imagen
176,SAGA,Saga Falabella S.A.,,,SUPERMERCADOS TOTTUS,20,84115,21.10.2022,21.10.2022,,,,Sin imagen
177,SAGA,Saga Falabella S.A.,,,SUPERMERCADOS TOTTUS,21,84114,21.10.2022,21.10.2022,,,,Sin imagen
178,SAGA,Saga Falabella S.A.,,,SUPERMERCADOS TOTTUS,4,84124,21.10.2022,21.10.2022,,,,Sin imagen
179,SAGA,Saga Falabella S.A.,,,SUPERMERCADOS TOTTUS,3,84125,21.10.2022,21.10.2022,,,,Sin imagen
180,SAGA,Saga Falabella S.A.,,,SUPERMERCADOS TOTTUS,2,84126,21.10.2022,21.10.2022,,,,Sin imagen
181,SAGA,Saga Falabella S.A.,,,SUPERMERCADOS TOTTUS,43,30728,21.10.2022,21.10.2022,,,,Sin imagen
182,SAGA,Saga Falabella S.A.,,,SUPERMERCADOS TOTTUS,35,30926,13.11.2022,13.11.2022,,,,Sin imagen
183,SAGA,Saga Falabella S.A.,,,SUPERMERCADOS TOTTUS,36,30730,21.10.2022,21.10.2022,,,,Sin imagen
184,SAGA,Saga Falabella S.A.,,,SUPERMERCADOS TOTTUS,38,31028,25.11.2022,25.11.2022,,,,Sin imagen
185,SAGA,Saga Falabella S.A.,,,SUPERMERCADOS TOTTUS,39,30729,21.10.2022,21.10.2022,,,,Sin imagen
186,SAGA,Saga Falabella S.A.,,,x,18,99144,12.08.2024,12.08.2024,,,,99144.JPG
187,SAGA,Saga Falabella S.A.,,,x,25,99145,12.08.2024,12.08.2024,,,,99145.JPG
188,SAGA,Saga Falabella S.A.,,,x,8,99187,07.07.2024,07.07.2024,,,,99187.JPG
189,SAGA,Saga Falabella S.A.,,,x,11,99185,07.07.2024,07.07.2024,,,,99185.JPG
190,SAGA,Saga Falabella S.A.,,,x,14,99184,07.07.2024,07.07.2024,,,,99184.JPG
191,SAGA,Saga Falabella S.A.,,,x,27,99175,07.07.2024,07.07.2024,,,,99175.JPG
192,SAGA,Saga Falabella S.A.,,,x,26,99176,07.07.2024,07.07.2024,,,,99176.JPG
193,SAGA,Saga Falabella S.A.,,,x,25,100368,06.09.2024,06.09.2024,,,,100368.JPG
194,SAGA,Saga Falabella S.A.,,,x,16,99183,07.07.2024,07.07.2024,,,,99183.JPG
195,SAGA,Saga Falabella S.A.,,,x,24,99177,07.07.2024,07.07.2024,,,,99177.JPG
196,SAGA,Saga Falabella S.A.,,,x,17,99182,07.07.2024,07.07.2024,,,,99182.JPG
197,SAGA,Saga Falabella S.A.,,,x,22,99178,07.07.2024,07.07.2024,,,,99178.JPG
198,SAGA,Saga Falabella S.A.,,,x,18,100369,03.09.2024,03.09.2024,,,,100369.JPG
199,SAGA,Saga Falabella S.A.,,,x,19,99181,07.07.2024,07.07.2024,,,,99181.JPG
200,SAGA,Saga Falabella S.A.,,,x,20,99180,07.07.2024,07.07.2024,,,,99180.JPG
201,SAGA,Saga Falabella S.A.,,,x,21,99179,07.07.2024,07.07.2024,,,,99179.JPG
202,SAGA,Saga Falabella S.A.,,,x,6,99188,07.07.2024,07.07.2024,,,,99188.JPG
203,SAGA,Saga Falabella S.A.,,,x,5,99189,07.07.2024,07.07.2024,,,,99189.JPG
204,SAGA,Saga Falabella S.A.,,,x,4,99190,07.07.2024,07.07.2024,,,,99190.JPG
205,SAGA,Saga Falabella S.A.,,,x,2,99191,07.07.2024,07.07.2024,,,,99191.JPG
206,SAGA,Saga Falabella S.A.,,,x,28,99698,20.07.2024,20.07.2024,,,,99698.JPG
207,SAGA,Saga Falabella S.A.,,,x,29,102215,18.11.2024,18.11.2024,,,,102215.JPG
208,SAGA,Saga Falabella S.A.,,,x,32,102219,16.11.2024,16.11.2024,,,,102219.JPG
209,SAGA,Saga Falabella S.A.,,,x,31,102220,16.11.2024,16.11.2024,,,,102220.JPG
210,SAGA,Saga Falabella S.A.,,,x,30,102221,16.11.2024,16.11.2024,,,,102221.JPG
211,SAGA,Saga Falabella S.A.,,,x,33,102217,16.11.2024,16.11.2024,,,,102217.JPG
212,SAGA,Saga Falabella S.A.,,,x,34,102218,16.11.2024,16.11.2024,,,,102218.JPG
213,SAGA,Saga Falabella S.A.,,,x,3,98302,01.07.2024,01.07.2024,,,,98302.JPG
214,SAGA,Saga Falabella S.A.,,,x,36,36941,18.11.2024,18.11.2024,,,,36941.JPG
215,SAGA,Saga Falabella S.A.,,,x,39,36943,16.11.2024,16.11.2024,,,,36943.JPG
216,SAGA,Saga Falabella S.A.,,,x,38,36944,18.11.2024,18.11.2024,,,,36944.JPG
217,SAGA,Saga Falabella S.A.,,,x,43,36945,16.11.2024,16.11.2024,,,,36945.JPG
218,SAGA,Saga Falabella S.A.,,,x,35,36942,18.11.2024,18.11.2024,,,,36942.JPG
219,SAGA,Saga Falabella S.A.,,,x,"07, 09",11437,"07,07,2024","07,07,2024",,,,11437.JPG
220,SAGA,Saga Falabella S.A.,,,x,28,101132,23.09.2024,23.09.2024,,,,101132.JPG
221,SAGA,Saga Falabella S.A.,,,x,26,101133,23.09.2024,23.09.2024,,,,101133.JPG
222,SAGA,Saga Falabella S.A.,,,x,30,101134,23.09.2024,23.09.2024,,,,101134.JPG
223,SAGA,Saga Falabella S.A.,,,x,31,101135,23.09.2024,23.09.2024,,,,101135.JPG
224,SAGA,Saga Falabella S.A.,,,x,2,101457,30.09.2024,30.09.2024,,,,101457.JPG
225,SAGA,Saga Falabella S.A.,,,x,4,101458,30.09.2024,30.09.2024,,,,101458.JPG
226,SAGA,Saga Falabella S.A.,,,x,6,101459,30.09.2024,30.09.2024,,,,101459.JPG
227,SAGA,Saga Falabella S.A.,,,x,16,102204,21.10.2024,21.10.2024,,,,102204.JPG
228,SAGA,Saga Falabella S.A.,,,x,19,102203,21.10.2024,21.10.2024,,,,102203.JPG
229,SAGA,Saga Falabella S.A.,,,x,17,102202,21.10.2024,21.10.2024,,,,102202.JPG
230,SAGA,Saga Falabella S.A.,,,x,14,102201,21.10.2024,21.10.2024,,,,102201.JPG
231,SAGA,Saga Falabella S.A.,,,x,11,101462,30.09.2024,30.09.2024,,,,101462.JPG
232,SAGA,Saga Falabella S.A.,,,x,9,101461,30.09.2024,30.09.2024,,,,101461.JPG
233,SAGA,Saga Falabella S.A.,,,x,8,101460,30.09.2024,30.09.2024,,,,101460.JPG
234,SAGA,Saga Falabella S.A.,,,x,24,101462,30.09.2024,30.09.2024,,,,101462.JPG
235,SAGA,Saga Falabella S.A.,,,x,25,101130,23.09.2024,23.09.2024,,,,101130.JPG
236,SAGA,Saga Falabella S.A.,,,x,35,37010,17.11.2024,17.11.2024,,,,37010.JPG
237,SAGA,Saga Falabella S.A.,,,x,38,37011,17.11.2024,17.11.2024,,,,37011.JPG
238,SAGA,Saga Falabella S.A.,,,x,39,36939,21.10.2024,21.10.2024,,,,36939.JPG
239,SAGA,Saga Falabella S.A.,,,x,43,36940,21.10.2024,21.10.2024,,,,36940.JPG
240,SAGA,Saga Falabella S.A.,,,x,36,37012,17.11.2024,17.11.2024,,,,37012.JPG
